date_creat,titre,titre_court,objet,adrs_libcommune,adrg_libvoie,adrg_codepostal,siteweb
2015-08-06,HANUMAN BOXING BELLEY (H2B) TEAM GIRET,TEAM H2B,"promouvoir enseigner et encadrer la pratiques des disciplines suivantes : le muay thai et disciplines assimilées, le kick boxing et disciplines assimilées, le pancrace et disciplines assimilées, le sanda boxe chinoise et disciplines assimilées, ainsi que les disciplines associées, contact défense et boxe arabe",Belley,252  route de vieugey,1300.0,club.quomodo.com/multiboxebelley/
2014-01-18,SIROCCO SINON RIEN,SIROCCO SINON RIEN,"participation au rallye ""Trophée Roses des Sables"" ; ce raid 4x4 féminin permet à l'association ""Enfants du Désert"", grâce au partenariat avec l'organisation Désertours, de récolter chaque année plusieurs tonnes de matériel pour les enfants : les dons sont acheminés directement grâce aux 4x4 des participantes ; chaque équipage devant amener au minimum 50 kg ; l'association ""Sirocco sinon rien"" a pour but de permettre la récolte de ces dons",Saint-Denis-lès-Bourg,122  rue des Bouvreuils,1000.0,http://siroccosinonrien.trophee-roses-des-sables.org/
2015-01-26,OSMOZYA,OSMOZYA,"l'implantation de machines à eau dans des zones pauvres où l'eau est rare et/ou difficile d'accès ; création d'une plateforme où les génies créatifs pourront débattre et soumettre leurs idées dans le but de réconcilier l'homme avec son habitat pour affronter les grands défis de demain ; financement d'événements, de concours, de voyages et de conférences autour des thématiques environnementales, principalement liées à l'eau ; financement de la création et du développement des produits ""Osmozya""",Gex,1 chemin des vieux saules,1295.0,https://www.osmozya.org
2015-04-20,INTERNATIONAL BRIDGES TO JUSTICE FRANCE,INTERNATIONAL BRIDGES TO JUSTICE,"l'association devra être non-lucrative et ses objectifs devront être à but uniquement charitable et/ou éducatif ; l'association a pour objectif principal de renforcer le respect des droits fondamentaux des citoyens ordinaires à travers le monde ; l'association veille notamment au respect du droit à une représentation juridique compétente, du droit de ne pas subir de traitements cruels et inhumains, du droit à un procès équitable et du droit d'être jugé dans un délai raisonnable ; afin de réaliser cet objectif, l'association aide les défenseurs des droits de l'homme et les états dans la mise en place d'une aide judiciaire dont le but est de protéger les droits fondamentaux ; l'association aide également les pays à mettre en oeuvre les diverses lois et codes de nature pénale, fournissant une assistance juridique et/ou administrative ; les missions principales de l'association sont les suivantes : fournir des services de formation et du matériel aux organisations d'assistance juridique et de défense des droits des particuliers dans des pays tels que le Burundi, la Chine, le Cambodge, l'Inde, le Rwanda et le Zimbabwe (et plus tard dans d'autres pays jugés appropriés), aider au développement de systèmes de justice pénale plus équitables et efficaces dans ces pays",Hotonnes,64   de Monthoux,99999.0,www.ibj.org
2023-08-09,INDOFANS EN CONCERT,IEC,organiser des évènements lors des concerts d'Indochine et autres activités liées à la musique,Vendières,23   LES DENIZETS,2540.0,http://indofans.epizy.com/
2008-05-06,TAI CHI ALLIER,TAI CHI ALLIER,"regrouper les associations intéressées par la retransmission, par l'étude et la pratique d'un art martial interne chinois dénommé Tai Chi Chuan, style Yang, et des techniques diverses qui permettent de progresser dans sa compréhension",Montluçon,78 BIS RUE DES GRANDS PRÉS,3100.0,WWW.TAICHI-ALLDER.COM
2010-03-05,SINOFANS,SINOFANS,"organiser et assurer l'accueil d'arrivants (étudiants et nouveaux résidents), aides administratives, au logement, établissements scolaires ; assurer l'aide à l'implantation des entreprises françaises, chinoises et les négociations commerciales ; mettre en oeuvre les échanges culturels France/Chine entre villes, établissements et correspondants ; organiser des animations culturelles",Montluçon,22  avenue Léon Blum,3100.0,http://www.sinofrans.com
2020-10-20,ATELIER ARTISTIQUE SAINT-MICHEL & SAINT-JEAN DE PARIS (AAASMSJP),AAASMSJP,"promouvoir la culture par les arts et la science au travers d'ateliers et de stages ; la conception et la réalisation d'ateliers d'iconographie, de peinture aux techniques ancestrales ; l'organisation de stages d'initiation à la médecine chinoise, à la médecine ayurvédique, stages d'initiation aux différentes techniques de  libération des mémoires transgénérationnelles, stages d'initiation autres techniques thérapeutiques, stages d'initiation aux techniques de méditations, de qi quong, et de lien à la nature, stages de création d'objets d'arts, de bijoux en pierres naturelles, stages d'improvisation au piano avec la participation de marc vella, stages d'initiation à la permaculture, aux ressources autonomes, stages d'initiation à une vie favorisant le zéro déchet, diy, à la sobriété heureuse selon les principes de pierre rabhi, stage découverte de confections savoirs ancestraux, partages inter-générationnels, stages en chantiers participatifs avec les techniques écologiques et respectueuses de l'environnement ; l'organisation de toute manifestation pouvant offrir à la commune l'occasion de bénéficier des enseignements qui seront disponibles (conférences, vernissages, ateliers découvertes etc )",Meaulne,25 IMPASSE COQUATI,74270.0,http://www.isabellejarle.com
2023-02-24,HACK-LAB 03,HACK-LAB 03,"être un espace collaboratif dans le but d'échanger nos connaissances ; ouverte au public, cette association possède des outils et machines numériques ; elle encourage le faire par soi-même et le partage de connaissance entre adhérents",Moulins,160  RUE DE DECIZE,3000.0,https://hack-lab03.fr
2005-09-13,TAI CHI CHUAN DES SOURCES (TCC DES SOURCES),TCC DES SOURCES,Pratique et retransmission du Tai chi chuan 'original yang style'. Art martial interne chinois.,Vichy,47 RUE JOSEPH CLAUSSAT,63290.0,http://perso.orange.fr/taichi-des-sources
2011-08-04,KUNG FU WUSHU HU YING DAO CLUB DE VICHY,"WU SHU, ECOLE HU YING DAO ART MARTI...","l'étude et la pratique d'arts martiaux chinois et sino-vietnamiens, de promouvoir la culture et les échanges entre les disciplines martiales de toutes origines",Vichy,25 RUE LASSIGNY,3200.0,http://huyingdao.wixsite.com/hydao
2014-02-19,ASSOCIATION INTENTION ET MOUVEMENT,AIM,"promouvoir et développer les activités physiques, artistiques, et culturelles dans un objectif de santé, de bien-être et de connaissance de soi à travers notamment la pratique du Yi Quan (art martial chinois)",Forcalquier,3 RUE DES éCOLES,04300,www.intentionmouvement.fr
2009-03-24,LES LINUXIENS LARAGNAIS,LES LINUXIENS LARAGNAIS,"proposer une informatique libre pour tous, promotion, diffusion et apprentissage des logiciels libres et gratuits ; reconditionner des machines équipées de logiciels libres et gratuits pour les vendre à bas prix à des familles aux moyens financiers limités ; former les associations et les entreprises à la création de sites internet à partir de logiciels libres et gratuits ; câbler et configurer un réseau local d'association ou d'entreprise avec des logiciels libres et gratuits",Laragne-Montéglin,12   Boucle des Escluzeaux,05300,www.laragne.org
2011-10-31,LEZARD DU TAO,LEZARD DU TAO,"initiation et perfectionnement à la pratique du Do-In et Qi Gong, et ultérieurement Tai chi chuan ; ce sont des pratiques relatives aux gymnastiques de prévention de la santé, pouvant être associé à d'autres cours plus théoriques, en lien avec les principes fondamentaux de la médecine traditionnelle chinoise dont sont issus ces disciplines",Embrun,1 RUE DES ROCHASSONS,05200,www.lezardutao.fr
2010-06-02,ÉCOLE LONG HÉ FÈNGHUANG WUSHU,ECOLE LONG HE FENGHUANG WUSHU,"par l'enseignement des connaissances théoriques et pratiques des arts martiaux chinois, faire connaître les bienfaits de l'étude de kung fu wushu dans notre société d'aujourd'hui ; l'association fait découvrir aussi bien le coté sportif (pratique du kung fu wushu moderne et traditionnel avec participation aux compétitions fédérales de kung fu wushu pour ceux qui le souhaitent ) que le coté bien-être (étude du tai ji quan et du qi gong, travail de l'énergie interne, dans le but de s'adapter aux situations de la vie de tous les jours et de rester en bonne santé) ; l'association prévoit l'organisation de stages, soirées à thèmes, participation à des démonstrations , voyages en Asie et activités sports de nature",La Garde,165 CHEMIN DE SAINTE CHRISTINE,83210.0,http://www.ecole-kungfu-wuqidao.sitew.com/#ACCUEIL.A
2016-04-15,CLUB ARTS MARTIAUX VALBONNE,CAMV,"pratique arts martiaux chinois (kung-fu, wushu, taijiquan)",Valbonne,1711  route DE CANNES,6560.0,http://kungfuwushu.org/
2017-04-26,ASSOCIATION SPORTIVE  WUSHU SHAOLIN,WUSHU SHAOLIN,"enseignement de la pratique des arts martiaux d'origine chinoise : Wushu Traditionnel (Shaolin) , Wushu Moderne, Qi-Gong, Taïji, Sanda ;",Gattières,CHEMIN DES OEILLETS,6510.0,http://www.wushushaolin.org
2018-02-23,CYCLOTROPE,CYCLOTROPE,"a pour objet : d'encourager la pratique du vélo au quotidien et d'ouvrir les esprits sur le monde des possibles offert par la bicyclette ; ses moyens d'action sont : militer pour la pratique du vélo au quotidien ; animer des actions vélo-école, auprès de différents publics ; créer et utiliser des machines dérivées du vélo ; recycler, récupérer et transformer des vélos ; animer des ateliers d'auto-réparation ; mener des actions de sensibilisation, d'information et de formation ; réaliser des créations artistiques en lien avec la bicyclette",Nice,12 RUE DE LA SUISSE,6000.0,https://cyclotrope.net/
2021-09-14,PANDA EXPERIENCE,PANDA EXPERIENCE,"enseigner et développer la pratique du Qi Gong, du Tai Chi Chuan ainsi que d'autres disciplines de la Médecine Traditionnelle Chinoise ;",Spéracèdes,24  CHEMIN DE LA MOLIERE,6530.0,https://www.navyahealing.com/
2003-08-30,ASSOCIATION TAI CHI CHUAN ET QI GONG HSIAO MING,ASSOCIATION TAI CHI CHUAN ET QI GON...,pratique de tai-chi-chuan et qigong (art martial interne chinois) ; mouvements énergétiques ; mouvements d'assouplissement et énergétiques,Nice,95 IMPASSE DE CESSOLE,6100.0,https://taichichuan-qigong.org/
2008-05-05,VOL MONTAGNE 06 - VM06,NICOLAS DIZIER,"promouvoir, faciliter, organiser et développer la pratique des activités aéronautiques ; permettre à ses membres la découverte et l'initiation aéronautique, la pratique de l'aviation notamment le vol en montagne et des différentes activités s'y rattachant ; formation de pilotes, entraînement, voyage et instruction technique nécessaires, tant à l'aide de moyens privés que de moyens d'Etat, à effet de développer l'aviation générale ; organisation de cours liés à la pratique ou simplement à la connaissance de l'aéronautique ; promotion des possibilités de l'aéronautique ; acquisition ou location de toute machine volante pour mise à la disposition collective ou individuelle des membres de l'association ; acquisition ou location de tout matériel pédagogique ou d'entraînement pour l'objet ; d'une façon générale, partager entre ses membres les ressources et les dépenses ayant trait à l'achat et au fonctionnement des moyens que l'association met à leur disposition",Nice,185  Avenue DE PESSICART,6100.0,www.volmontagne06.com
2012-05-31,ASSOCIATION WORLD DAI JI DO COUNCIL,ASSOCIATION WORLD DAI JI DO COUNCIL,"pratique des arts martiaux et sports de combat sous toutes leurs formes et en particulier : l'initiation, l'entraînement, la compétition, le perfectionnement et la formation des cadres à la pratique du Dai Ji Do (Da Ji Dao en chinois) qui signifie ""voie suprême du combat simultané"" appelé également ""simultaneous combat system (S.C.S)"" créé par Maître André Wenas, professeur diplômé d'état 2ème degré (BEES 2) n° 013 03 0428 d'arts martiaux chinois (kung-fu) à la fédération française de karaté et disciplines associées",Nice,182  avenue de la Californie,6200.0,http://www.kung-fu-wushu-nice.com
2012-08-22,LA TORTUE NOIRE DU MERCANTOUR,LA TORTUE NOIRE,"promouvoir des activités qui permettent de dépenser et de canaliser son énergie ou de se régénérer, fournir aux adhérents un accès facilité à des cours, des services et des stages ; les disciplines dans le pôle régénération seront dans l'axe des disciplines chinoises, avec par exemple du shiatsu, du Qi Gong ; celles du pôle dépense et canalisation seront par exemple du Tai-Chi, du Kung-Fu ; la tortue noire symbolisant dans la mythologie chinoise les hautes montagnes lointaines, des activités de montagnes seront aussi proposées",Valdeblore,RUE DU PRESBYTERE,6420.0,http://tortuenoirmercantour.free.fr
2016-06-17,ACADEMIE DES 7 VERTUS,ACADEMIE DES 7 VERTUS,"la pratique des arts énergétiques et martiaux, self défense daijido, iaido (voie du sabre) kung-fu wushu, boxe chinoise sous toutes leurs formes ainsi que la pratique du taichi chuan (taijiquan) ou gymnastique énergétique chinoise",Nice,2  rue Louis Roubaudi,6100.0,www.kung-fu-wushu-nice.com
2017-05-10,INSTITUT CONFUCIUS CÔTE D'AZUR (ICCA),ICCA,"la diffusion et la promotion de la culture et de la langue chinoise sur la Côte d'Azur ; l'association peut organiser et dispenser des enseignements de la langue chinoise, ainsi que des activités culturelles à l'instar de la calligraphie, la musique, le cinéma, des expositions pour lesquelles elle peut fixer un tarif de participation ; elle a vocation à favoriser les contacts et les échanges avec la Chine notamment par des enseignements du chinois et des activités culturelles chinoises ; elle peut aussi organiser des colloques, conférences et autres activités culturelles chinoises ponctuelles, et d'une manière générale exercer toute autre activité en rapport avec son objet ; ces missions s'exercent dans le respect des accords de partenariat conclus avec les partenaires institutionnels et des accords ou conventions de coopération conclus notamment avec la direction générale chinoise des instituts Confucius (dgcic) et l'université partenaire, l'université de Tianjin",Nice,98  BOULEVARD EDOUARD HERRIOT,6200.0,www.confucius-cotedazur.fr
2009-04-16,YANG SHENG FA,YANG SHENG FA,"enseigner les philosophies et pratiques de la médecine traditionnelle chinoise ainsi que toutes ses différentes disciplines (acupuncture, gi gong, tuina, tai ji, digitopuncture, réflexothérapie, auriculothérapie, etc...)",Charantonnay,651  AVENUE DU DAUPHINé,38790,http//www.yangshengfa.fr/pages/yang-sheng-fa
2019-04-29,ASSOCIATION SPORTIVE DU VIVARAIS DRAGON BLANC ET LOTUS NOIR,AS.VDB.LN,"favoriser, organiser et promouvoir en son sein la pratique des activités physiques, sportives ou artistiques, en lien avec la culture chinoise ; organiser des rencontres ou manifestations ou formations sportives, artistiques ou culturelles en lien avec l'objet précédent ou avec les éventuelles fédérations nationales d'affiliation, et inciter les membres de l'association à participer aux activités de ces fédérations ; promouvoir un équilibre des pratiques en son sein, du loisir au haut niveau en passant par le sport santé ; promouvoir en son sein un esprit de responsabilité lié à la vie associative",Villeneuve-de-Berg,52  RUE DE CHARBONNIER,7170,http://asvdbln.free.fr
2022-06-20,FRANCE SERVICES ORGANISATIONS ET SOUTIENS - FRANCE SOS,FRANCE SOS,"venir en soutien aux personnes, associations, artisans, entrepreneurs, sociétés en mettant en place des services à la personne, d'accompagnement, d'organisation, de soutien et de formation ; rénovation, entretien et réparation de tous types de mécaniques ; prêt, vente et location de matériels aux particuliers et professionnels ; formation à la mécanique des différentes machineries ; formation sur la prévention des risques à la personne, incendie et secourisme ; ateliers participatifs ; aide solidaire à domicile et/ou sur site",Saint-Étienne-de-Fontbellon,1070 ROUTE D'ALÈS,7200,https://www.france-sos.fr
2019-06-19,ARTS MARTIAUX CHINOIS PEAUGRES,AMC PEAUGRES,enseignement et pratique d'arts martiaux,Peaugres,"422 ROUTE DE GRANGE SEUX, GRANGE SEUX",7430,https://kungfuannonaypeaug.wixsite.com/kung-fu
2019-06-19,ARTS MARTIAUX CHINOIS ANNONAY,AMC ANNONAY,enseignement de pratique d'arts martiaux,Vernosc-lès-Annonay,"422 ROUTE DE GRANGE SEUX,",7430,https://kungfuannonaypeaug.wixsite.com/kung-fu
2021-04-20,CLAIRE PILATES,CLAIRE PILATES,"promouvoir, développer ou organiser des activités de bien-être et de remise en forme telles que Pilates tapis et petits matériels, rose Pilates et Pilates machine",Sarras,85  RUE DES VORGEES,7370,http://clairepilates.com
2014-12-18,ADIMEC (ASSOCIATION POUR LE DEVELOPPEMENT ET L'INTEGRATION DES MEDECINES ENERGETIQUES ET COMPLEMENTAIRES),ADIMEC,"pouvoir favoriser la découverte, le développement, l'expansion, la valorisation, la reconnaissance et l'intégration des médecines complémentaires telles que la psychologie énergétique clinique (EFT, hypnose, sophrologie, kinésiologie, logosynthèse, matrix reimprinting, quick remap, médecine chinoise, ré encodage biologique, épigénétique) mais aussi les thérapies par l'art (théâtre, peinture, chant) auprès d'un vaste publique ciblant les enfants des le plus jeune âge, les adolescents et les adultes (personnes physiques ou morales en individuel ou groupe) par l'organisation d'évènements réguliers et ponctuels (conférences, soirée débats, ateliers, formations, enseignements, cabinets publiques) ;  l'association cherche également à se rapprocher de toutes structures publiques ou privées (hôpitaux, cliniques, écoles, organismes d'état, centres de formations, entreprises, associations, fédérations) et à s'investir dans une fructueuse collaboration par l'élaboration commune de projets et d'interventions diverses bénévoles et/ou rémunérées visant notamment l'amélioration des prises en charge dans la gestion de crises, de violences, de traumas et de toutes les émotions inhérentes à ces divers cas de figure",La Rivière-de-Corps,50  rue Emile Buck,10440,www.celinelanecoacheft.com
2022-10-06,HAPCLOUD,HEBERGEMENT DE SERVICE GRATUIT,"hapcloud est une association qui a été fondée en 2022 qui à pour but d'offrir des machines virtuelles par exemple des sites web, des serveurs de jeux comme Minecraft, Gta 5 ; Nous avons nous-mêmes des machines chez d'autre hébergeurs comme ovh qui propose des offres comme nous mais moins intéressante pour le grand public ; Notre site web et notre machine ( Dédier ) sont entièrement protégés contre tout hack possible ; Nous avons hébergé plus de 50 Client qui sont entièrement content de nos serveur ;",Lavalette,15  RUE DU CENTRE,11290.0,https://hapcloud.fr/
2022-08-03,LES 108 MOUVEMENTS,LES 108 MOUVEMENTS,"organiser, développer et promouvoir la pratique et de l'enseignement du taichi chuan ainsi que tout autre art martial et énergétique chinois ; organiser notamment des cours, stages, conférences, voyages ; 
l'association peut utiliser tout moyen légal pour soutenir ces buts ; 
elle s'interdit toute discrimination dans son organisation et dans sa vie associative",Balaguier-d'Olt,740  ROUTE DU CAUSSE DE VERN,12260,https://www.les108mouvements.fr
2002-10-15,CENTRE D' ÉTUDES DE PRATIQUES INTERNES (CEPI),CENTRE D' ETUDES DE PRATIQUES INTERNE,promotion de l' étude de la recherche et des applications dans le domaine des pratiques internes chinoises,Meyrargues,577 CHEMIN DE LA LOUBE,13650,https://taiji-cepi.com/
2012-12-12,ART DE LA VITALITÉ,ART DE LA VITALITE,"information et la mise en pratique de notions d'équilibre de santé pour tous, dans un cadre de rencontres et d'échanges ; en faisant appel à des savoirs ancestraux et traditionnels de toutes cultures, tels que l'hygiénisme, la médecine chinoise, indienne, et du monde ; peuvent être proposés au sein de l'association : les pratiques corporelles de santé inhérentes à ces médecines du monde tel que le yoga, le qi gong ; l'enseignement d'une alimentation saine ; l'enseignement de l'utilité et de l'usage des plantes médicinales communes ; l'enseignement et la pratique de tout art thérapeutique tels que la musique, le chant, la danse, les massages traditionnels, les techniques réflexes, l'ostéopathie, la kinésiologie, la sophrologie, la sculpture, la peinture, le théâtre, la psychologie, la philosophie, l'écriture, l'apprentissage de langue étrangères ; l'organisation annuelle d'un voyage équitable",Beaurecueil,6512 ROUTE DE ST ANTONIN,13100,www.artdelavitalité.com
2013-07-25,ÉCOLE D'ARTS MARTIAUX QWANKIDO PAYS D'AIX-ECOLE LUYEN KHI (EAM QKD AIX).,EAM QKD AIX,"club sportif, philosophique et culturel qui a pour objet/but essentiel le développement physique et intellectuel de ses pratiquants/adhérents par le développement de la méthode qwankido, ce programme se compose des techniques qwankido (techniques zoomorphiques, boxe libre, enchaînements codifiés, casses, ciseaux volants), COVODAO (travail des armes traditionnelles chinoises et vietnamiennes), tam khi the (gymnastique psycho-corporelle de santé et bien être, travail de l'énergie interne souple ou dure), acrobaties martiales, cet art martial consiste donc en une synthèse originale des techniques chinoises et vietnamiennes déposée et représentée par Maître Pham Xuan Tong, le qwankido s'adresse à tout type de public en suivant un enseignement riche et varié dispensé par des enseignants qualifiés, cet art martial propose une approche loisir ou de compétition, la fédération accueille un pôle France et des compétitions internationales",Aix-en-Provence,126  cours GAMBETTA,13100,qwankido-aix.com
2013-10-20,YNERGY,YNERGY,"promouvoir les arts énergétiques et martiaux chinois dans leurs dimensions sportive, culturelle et prophylactique",Fare-les-Oliviers,143  ROUTE DES OLIVIERS,13580,www.YnergY.fr
2015-07-22,DE LA TERRE A LA MER,DE LA TERRE A LA MER,"explorer de nouvelles façons de vivre, plus en harmonie avec la Terre par différentes voies pour les petits et les grands ; nous avons pour but de créer une dynamique, un concept qui pourra être reproductible par d'autres groupes toujours dans une notion de partage d'expériences et d'échanges humains, l'objectif final étant de créer un éco-village pouvant accueillir toutes les activités de l'association qui sont : ateliers (créatifs, pratiques, botaniques, développement personnel, spirituel) ; conférences (permaculture, théâtre, naturopathie, médecine chinoise, chamanisme) ; journées à thème (grands jeux, expositions, ateliers, conférences) ;  soirées (soirées à thème, soirées jeux, dîner conférence) ; stages et séminaires ; voyages et visites",Lambesc,8 BIS route d'Avignon,13410,http://www.delaterrealamer.com
2017-05-02,LA VOIE DU LOUP,LA VOIE DU LOUP,"enseigner le kung-fu sino-vietnamien style Yangkido
Enseigner les arts martiaux externes et internes
Enseigner les disciplines de bien-être et de relaxation à travers le loisir",Aix-en-Provence,21  AVENUE PIERRE PUGET,13100,http://www.shengzhiqidao.org
2021-08-15,GRAINE DE BIEN-ÊTRE,GBE,"uvrer pour le bien-être en respect avec la nature par : des soins proposant des bilans énergétiques basés sur la médecine traditionnelle chinoise, des harmonisations énergétiques, des massages tuina, l'utilisation de moxa et de ventouses, de l'auriculothérapie, de l'accupression, de la réflexologie, de techniques énergétiques manuelles (micro-kiné, ostéo-énergétique) , de l'EFT (Emotional Freedom Technic), de l'analyse systémique, de process communication, du yin yoga, du yoga, de la méditation, des techniques de respiration, des expositions au chaud et au froid suivant le principe de l'hormèse, de l'hydrothérapie, de la naturopathie, des conseils en nutrition et en hygiène de vie, des conseils en renforcement du mental et/ou du corps, de la posturologie, des conseils sur le jeûne et sur la crusine et des conseils en aromathérapie et en phytothérapie ; ces pratiques auront lieu lors de séances régulières et/ou ponctuelles, individuelles et/ou en groupe, auprès de particuliers et/ou d'entreprises, ainsi que l'organisation d'activités diverses telles que : des ateliers de formation, des ateliers de crusine et/ou de préparations naturelles à visée curative, des ateliers de fabrication d'objets relatifs au massage, au yoga et/ou à la méditation, la fabrication et la vente de produits et services relatifs au massage, au yoga et/ou à la méditation ;",Salon-de-Provence,74  PLACE DE L ABBE AUDIER,13300,https://grainedebienetre.sitew.fr/
2015-07-15,"FÉDÉRATION EUROPÉENNE DES MÉDECINES CHINOISE ET
ÉNERGÉTIQUES",FEMCE,"promouvoir la médecine chinoise, les médecines énergétiques et leurs dérivés en Europe, regrouper les praticiens adhérents autour d'une déontologie commune",Puimisson,12 RUE DE L'ESTACARÈDE,34480,https://www.femce.eu/
2018-09-11,VIET VO DAO - KHÔNG LONG,VIET VO DAO - KHÔNG LONG,promouvoir la pratique des arts martiaux traditionnels sino-vietnamiens,Châteaurenard,1605  BOULEVARD JOLIOT CURIE,13160,http://www.khonglong.com
2008-10-17,ASSOCIATION KUNG FU INTERNE LIU HE BA FA ESPRIT DE LA MONTAGNE HUA,ASSOCIATION KUNG FU INTERNE LIU HE ...,"éveiller le goût à la culture et à la philosophie asiatique ; enseignement et pratique des arts martiaux internes taoïstes chinois ; développer le goût et la pratique des arts martiaux internes taoïstes chinois ; développer le goût et la pratique des arts énergétiques et martiaux internes ou externes d'origine chinoise ; étudier et transmettre la technique ; aider les pratiquants ou membres de l'association, s'ils le souhaitent, à passer le certificat de moniteur et/ou le brevet de professeur des arts énergétiques et martiaux chinois",Marseille,41  cours Franklin Roosevelt,13005,www.kungfu-marseille.com
2008-10-30,CLUB DES ARTS MARTIAUX ET DE LA GYMNASTIQUE : CAMG,CAMG,"par le biais de la pratique des arts martiaux chinois, interne (énergétique) et externe (kung fu), et de la gymnastique d'entretien et d'expression (A.G.E.E), de promouvoir l'activité sportive pour tous les âges et tous les milieux sociaux. L'association considère l'ensemble de ces activités comme un élément important de l'éducation, de la culture, de la santé publique, de l'intégration et de la vie sociale. Elle permet le développement d'échanges culturels. La création d'un règlement intérieur pour le bon déroulement de ces disciplines. Les cours sont dispensés par un encadrement professionnel danimateur(s) diplômé(s) . La programmation de manifestations associatives, caritatives et humanitaires",Peynier,135 ROUTE DE PUYLOUBIER,13790,http://www.kungfu-provence.com
2011-02-02,SHIN GI TAI DO,SHIN GI TAI DO,"répandre et développer l'étude et la pratique des arts martiaux Sino-Japonais : l'association peut s'étendre à d'autres arts appartenant à la culture Sino-Japonaise (calligraphie, cérémonie du thé, arrangement floral) : permettre à ses membres par les moyens de voyages, méthodes audiovisuelles, invitation d'experts, d'exploiter une animation socio-éducative correspondante aux objectifs : proposer un enseignement sur la base d'une seule méthode choisie, comme la plus apter aux aspirations des membres de l'association : permettre à ses membres d'engager des contacts fréquents pour favoriser une évolution rapide de l'esprit et des études techniques par le moyen de stages, séminaires, rencontres amicales, bulletins périodiques : faciliter par une entraide mutuelle la création et l'essor de nouveaux clubs (Dojo) ayant les mêmes aspirations que le Shin Gi Tai Do",La Ciotat,1808  AVENUE GUILLAUME DULAC,13600,www.shingitaido.fr
1998-05-04,LA MACHINE PNEUMATIQUE,LA MACHINE PNEUMATIQUE,"faciliter la rencontre avec des oeuvres, expressions artistiques et culturelles issues de toutes les disciplines artistiques (arts plastiques, architecture, littérature, théâtre, musique, danse, cirque, sciences et techniques), par le moyen d'ateliers de pratique, de stages, d'expositions, de la diffusion d'oeuvres, de spectacles et de concerts, d'édition, d'organisation de rencontres (colloques, conférences) ; initier de nouveaux espaces de rencontre ouverts à tous : animer des dynamiques territoriales autour de projets culturels et artistiques, permettre la rencontre entre des habitants, des associations ; conseiller et former des professionnels ou néophytes aux métiers relatifs à la médiation culturelle de l'art : intervention à tous les stades de construction d'un projet culturel (conception, création, réalisation, production, diffusion, médiation culturelle) ; afin de mener à bien ses objectifs, gérer et animer un café-restaurant associatif et exploiter une licence 4 au 5 traverse du Régali 13016 Marseille",Marseille,TRAVERSE DU RÉGALI,13016,http://machinepneumatique.fr/
2018-01-02,UTOPIA MAKER,UTOPIAMAKER,"permettre aux populations marginalisées par le système économique et le progrès technique, les laissés pour compte, d'avoir accès aux nouvelles technologies et d'acquérir connaissance et savoir-faire à travers des programmes collaboratifs alimentés par les recherches des Makers ; l'appropriation de la connaissance par les programmes DIY/DIT (Do It Yourself/DO IT TOGETHER) permettra de s'attaquer localement à ce qui est le plus cher à l'homme, sa santé, son environnement, son éducation, à coûts relativement faibles ; ainsi, outre une diminution du fardeau de la pauvreté et leur dignité retrouvée, les participants auront la fierté d'être précurseurs et de transmettre leur connaissance et expérience autour d'eux et à travers le monde ; ouverture dans les quartiers difficiles en France et à travers le monde d'un réseau de Fablabs d'un nouveau genre ; dirigés par des personnes handicapées ou socialement laissées-pour-compte, ces Fablabs fabriquent directement leurs machines, recyclent leurs matières premières (plastiques, dans un premier temps) , fabriquent la plupart des objets utiles et personnalisés pour améliorer leur quotidien ; (notamment des prothèses) ; conjointement, ils peuvent proposer la fabrication de produits et services originaux dans leurs quartiers ; l'offre du Fablab est d'inciter par l'exemple la population proche autant que les visiteurs professionnels du privé et du public à devenir des consom'acteurs ; Afin de créer ensemble les objets dont ils ont besoin ; notre spécificité est l'inclusion inversée : ceux qui sont habituellement exclus, deviennent ceux qui pratiquent l'inclusion technologique et philosophique du DIY (Do it yourself-faites le vous-même) , par l'exemple et le DIT (Do It Together -faites le ensemble) par le travail collaboratif ; ce savoir-faire peut être distribué et bénéficier à termes, à d'autres groupes de défavorisés, les nouveaux exclus économiques notamment ; à terme nous souhaitons métamorphoser le marché des services et artisanats locaux par l'inclusion dite inversée de personnes exclues par la rapide évolution de la société ; offrir aux populations fragiles une alternative valorisante à l'emploi ; découvrir la valeur du travail collaboratif et du partage ; participer à la métamorphose sociétale en donnant l'exemple avec fierté et dignité comme acteur et consom'acteur local avec la volonté d'être connecté à l'open source mondiale des Makers de la planète ; 
mettre au point une méthodologie pour que les personnes handicapées, quel que soit leur niveau de formation, puissent apprendre à utiliser des technologies telles que l'impression 3D pour la fabrication d'objets personnalisés dont ils ont besoin et d'autres articles qui pourraient bénéficier à la communauté locale et leur permettre d'étendre leur capacité de production à la conception, modélisation, impression de produits commercialisables permettant de subvenir à leurs besoins ; s'inclure dans une évolution de la société qui semble inéluctable : plusieurs études annoncent que l'exclusion du monde du travail, longtemps synonyme de marginalisation, risque de devenir un phénomène de masse pour cause d'inutilité ; le développement de l'intelligence artificielle et l'ubérisation des taches concernent non seulement le secteur manufacturier mais l'administration et les services (taxis, bus, poids lourds, enseignants, pharmaciens, radiologues, médecins, ingénieurs, etc ; ) ; dans les 10 à 50 prochaines années, des milliards de taches seront mieux effectuées et plus rapidement, avec un coût moindre par des machines ; nos fablabs visent à transférer les connaissances aux personnes qui en ont besoin ; ce sont des laboratoires de recherche appliquée dans le domaine du social, de l'économie circulaire et collaborative, l'appropriation des services sociaux et de santé jusqu'à l'épanouissement éducatif pour tous et à volonté tout au long de la vie ; développement et vulgarisation des technologies émergentes av",Marseille 7,18  IMPASSE ZAMORA,13007,http://www.utopiamaker.com
2019-07-23,HYPNOSE SHIATSU MARSEILLE,HSM,"faire découvrir, informer, transmettre, promouvoir, auprès du public, des techniques et pratiques relevant de la détente, du bien-être, de la prévention et la préservation de la santé et du développement personnel, dans le respect de la déontologie propre à chaque discipline (hypnose, shiatsu, relaxation, méditation, soins énergétiques, médecine traditionnelle chinoise, qi gong, pnl, sophrologie, yoga, coaching, 
) , et au travers d'activités telles que : séances individuelles, atelier de groupe, acquisition de produits et matériels nécessaires aux pratiques, organisation de manifestations diverses, stages, formations, ainsi que toutes autres activités rentrant dans le cadre des buts poursuivis par l'association et plus généralement toutes opérations pouvant se rattacher directement ou indirectement à l'un des objets spécifiés ci-dessus ; prendre en charge la formation de ses membres nécessaires à l'apprentissage et au perfectionnement, en France ou à l'étranger",Marseille 13,45  TRAVERSE DE LA BAUME LOUBI,13013,http://wwwhypnose-shiatsu-marseille.fr
2024-01-30,PILATES ALLAUCH,PILATES ALLAUCH,"promotion,diffusion,connaissance, pratique, et l´enseignement  du Pilates au sol et sur machines et toute technique de bien être, de connaissance de soi, thérapie corporelle et développement personnel",Allauch,267  CHEMIN DES BLACASSINS,13190,https://allauchpilates.com/
2024-05-17,ASSOCIATION YI JING - STUDIO SHEN YAO,YI JING - STUDIO SHENYAO,"étudier, initier et pratiquer les enseignements culturels de la Chine ancienne, comprendre leurs arguments dans l'application à différents aspects de la vie quotidienne ; autoriser l'utilisation de tous les moyens adaptés pour favoriser la connaissance de ces éléments culturels
tels que : animations, conférences, voyages, photographies, vidéos, formations et éditions ;",Marseille 5,75  RUE D'ALGER,13005,https://www.pierrelepley-yijing.fr/
2025-02-25,ECHOES OF CHINA,EOC,"promouvoir l'amitié franco-chinoise, enseigner le français et le chinois, mener des recherches sur l'histoire de la Chine, favoriser les échanges culturels et linguistiques entre les deux pays, et contribuer à la compréhension mutuelle à travers des activités éducatives et des projets de recherche ;",Marseille 12,135  AVENUE DU 24 AVRIL 1915,13012,https://www.echoes-of-china.org/
2011-03-10,MARSEILLE WING TSUN ATHLETIC ASSOCIATION,MARSEILLE WING TSUN,"promouvoir, diffuser et transmettre le wing tsun kung fu, autrement nommé wing chun ou ving tsun, art martial chinois originaire de hong kong, et toutes activités complémentaires pouvant enrichir cette pratique (aspects culturels, autres méthodes d'arts martiaux ou sports de combat, méthodes de fitness et de bien être)",Gignac-la-Nerthe,"16 BIS, AVENUE DES PRÈS",13180,https://marseillewingtsun.fr/
2016-08-16,KAPUNKA VILLAGE BIEN ÊTRE ET CONSCIENCE,KAPUNGA VILLAGE BIEN ÊTRE ET CONSCI...,"favoriser et développer la connaissance du bien-être à travers la médecine chinoise, le yoga, le reiki, le do-in, des initiations aux massages bien-être, diverses techniques de relaxation, d'aromathérapie, de réflexologie plantaire, des soins énergétiques, de l'art-thérapie, des ateliers rencontre café-yoga, des ateliers créatifs et culturels, des conférences et toutes autres techniques en relation avec le bien-être ; l'association s'autorise toutes activités connexes et annexes, directes et indirectes à son objet social afin de réaliser celui-ci",Miramas,9  rue Alphonse Daudet,13140,www.naturellemiramas.kingeshop.com
2014-08-21,WING TCHUN DO NORMANDIE BAYEUX,WING TCHUN DO NORMANDIE BAYEUX,"pratique d'un art martial chinois développé par Sifu Fernandez qui mise sur la simplicité et l'économie de mouvements ainsi que sur le relâchement musculaire et la biomécanique, le WING TCHUN DO",Saint-Vigor-le-Grand,2 rue Sainte Basille,14400,www.wingtsun-normandie.fr
2014-06-11,SNEHA,SNEHA,"l'association est dédiée à l'Ayurvéda ; l'Ayurvéda, science millénaire, est le système de guérison naturel de l'Inde ; il est devenu le fondement de la médecine tibétaine, sri-lankaise, birmane et a également influencé la médecine chinoise ; proposer à tous des actions qui visent à une meilleure connaissance de soi afin d'adapter son hygiène de vie, son fonctionnement, ses pensées à sa constitution personnelle ; promouvoir diverses actions qui contribuent au bien être",Cormelles-le-Royal,7 clos de Traisnecourt,14123,www.masseurayurvedique.jimdo.com
2015-01-23,GLOBAL RAIDS,GLOBAL RAIDS,"découverte et promotion de sports mécaniques et en particulier du quad au travers de la participation à des évènements (rassemblements, randonnées, raids et rallyes) et organisation de randonnées, raids, rallyes et rassemblements ; diffusion de la charte de bonne conduite des participants de quad sur tous supports ; entretien de chemins autorisés à la pratique du quad ; encadrement, préparation mécanique et assistance pour les pilotes et leur machines en rallye, courses et raids ; transport de fournitures scolaires pour des associations caritatives au Maroc, Mauritanie et Sénégal ; récolte et acheminement de paires de lunettes de vue qui seront redistribuées en étroite collaboration avec des associations caritatives au Maroc, Mauritanie et Sénégal",Langrune-sur-Mer,14/16  rue du Général Leclerc,14830,www.globalraids.com
2020-06-15,BAI LONG - ARTS MARTIAUX CHINOIS,BAI LONG,"le développement de la pratique traditionnelle des arts martiaux chinois et l'organisation d'échanges et contacts nationaux et internationaux dans le domaine des arts martiaux chinois, dans les secteurs universitaire, privé et associatif ; développer des pratiques de santé et d'éveil issus de l'énergétique chinoise et de la pensée chinoise ; étudier et transmettre la technique et l'esprit traditionnels et originaux de ces arts, conformément à l'esprit, la technique laissés par les «anciens maîtres» et experts enseignants et de protéger cet héritage spirituel ceci sans discrimination de style ou d'école ; réunir tous les pratiquants d'arts martiaux d'origine chinoise et par extension extrême-orientale, inquiets de la dégradation de l'esprit et de la technique traditionnelle de ces arts martiaux de plus en plus menacés par une évolution exclusivement sportive, compétitive ou folklorique, pouvant mener atteinte à leur vocation profondément éducatrice ; rechercher le perfectionnement technique et le développement mental et moral des membres de l'association, tant en France métropolitaine et dominions et territoires d'outre-mer que dans la CEE ou à l'étranger, à l'exclusion de toute discussion ou ingérence politique, religieuse, confessionnelle ou professionnelle ; conserver la valeur et la signification des grades, titres ou distinctions éventuelles et de veiller à l'indépendance de leur attribution ; créer, entretenir, développer des relations amicales entre les membres, maintenir leur solidarité, permettre des échanges culturels et de venir en aide à ses sociétaires qui auraient besoin d'assistance ; créer et entretenir des relations saines et amicales avec toute autre association ou fédération à buts similaires ; l'association s'inscrit dans la lignée des enseignements de maître Yuan Hong Hai ; aussi, pour pouvoir enseigner au sein l'association, chaque enseignant devra obligatoirement avoir suivi une formation auprès de maître Yuan Hong Hai ou à défaut, d'un de ses élèves enseignants ; l'association est libre de s'affilier à une fédération sportive de son choix afin de pouvoir proposer aux élèves intéressés par la compétition un encadrement sportif réglementé ; le cas échéant, elle s'engage à respecter les règlements de ladite fédération ;",Montillières-sur-Orne,79  RUE DU MESNIL,14210,http://kungfucaen.com/
2024-05-14,A LA FONTAINE DE TAICHI - AURILLAC,FDT - AURILLAC,"pratiques, non seulement, des arts martiaux du taïchi tels que transmis initialement par l enseignant taïwanais M Deng Shihai - alias Tang See-hoy - au sein de l école dite Yangjia Laojia à Taïwan, et aussi, de tous les arts martiaux dits internes et arts énergétiques chinois ( ci-après désignées, pour les premières, les « pratiques YJLJ » et, pour l ensemble d entre elles, les « Pratiques ») ; production d une réflexion scientifique critique (ci-après désignées la « réflexion critique ») sur l anthropologie, l histoire, la sémiotique, la culture, l organisation, la sociologie, la philosophie, l enseignement (didactique et pédagogie) , la certification, les contenus, les techniques et la description des Pratiques ; contribution au développement d une didactique et d une pédagogie critiques, autonomes, adaptatives, modulables et scientifiques des pratiques au sein du réseau associatif dénommé A la Fontaine de Taichi, initié par Romain Sabon (ci-après le « réseau FdT ») ; réception, le partage, la transmission et la promotion des pratiques, de la réflexion critique et des didactiques et pédagogies du réseau FdT ; promotion du réseau FdT et le soutien humain, matériel et financier au réseau FdT ; organisation de cours, de stages, d ateliers, de conférences, de voyages, d ouvrages, de supports médiatiques, de programmes d études pour réaliser la réception, le partage et la transmission des pratiques et de la réflexion critique ; formation de bénévoles, d enseignant-es certifié-es ainsi que d animateurs et animatrices qualifiée-es pour réaliser lesdits partage et transmission ; entraînement des Membres pour les championnats, compétitions et concours des arts martiaux de taïchi ainsi que la formation des entraîneur-es ; soutien matériel et financier à la participation d enseignant-es, animateurs et animatrices à des formations en didactique ou pédagogie ainsi qu en techniques, diplômantes, certifiantes ou non, qu elles soient fédérales, d école, académiques, associatives ou hors cadre institutionnel ; acquisition, la construction, la location, la conception, l utilisation de tous outils, matériels, matériaux, terrains, bâtis, espaces, lieux, droits, assurances permettant la réalisation de l objet de l association, notamment d un siège social, d un centre des activités du réseau FdT, d'un accueil et d un encadrement de tout public désireux d être destinataire du partage et de la transmission des pratiques ou de la réflexion critique ainsi que des didactiques et pédagogies diffusées par le réseau FdT, l école Yangjia Laojia ou la fédération d affiliation ; financement des actions permettant la réalisation du présent objet, par la fabrication et la vente d objets, de biens, de produits, alimentaires ou non, médiatiques ou non, tels que notamment des armes, des vêtements, des manuels, vidéos et audios destinées aux pratiques ou à la réflexion critique, ainsi que par l organisation d actions ou d événements tels que, notamment, des stages, des cours, des festivals, des rencontres, des ateliers, des conférences ou des fédérations ; financement de la réalisation du présent objet peut aussi être effectué par l investissement financier et la perception de produits financiers ; association développe son activité partout sans limite territoriale, notamment dans tous quartiers, toutes communes, toutes communautés de communes, tous pays traditionnels, tous départements, toutes provinces, toutes régions, tous états, toutes unions d état, toutes zones non étatiques ; association peut ester en justice devant toutes les juridictions, notamment celles civiles, administratives, pénales, commerciales, sportives, fédérales, arbitrales, nationales, communautaires ou internationales, en France et à l étranger, dans tous les ressorts territoriaux;",Aurillac,ROUTE DU SALÈS,46210.0,https://alafontainedetaichi.jimdofree.com/
2022-04-08,OPEN-ALL,HEBERGEMENT DE SERVEURS EN LIGNES,louer des machines virtuelles,Clavières,2  LOTISSEMENT LE BOURG,15320.0,https://open-all.fr
2003-08-06,ASSOCIATION JIN HUA TAIJI QUAN,ASSOCIATION JIN HUA TAIJI QUAN,"faire connaître le tai chi chuan (art martial chinois)et les arts martiaux chinois traditionnels et mettre à la disposition de ses membres un lieu pour les pratiquer; à traversla pratique du tai chi chuan et des arts martiaux traditionnels, promouvoir l'intérêt pour les cultures chinoise et extrême orientale (poésie, cinéma, voyages, échanges) ; faciliter la mise en place, l'achat ou la vente de tous objets, ouvrages, brochures, outils sonores ou visuels, de tous supports matériels ou immatériels, de toute prestation de service pouvant concourir à la réalisation de l'objet principal, par ses adhérents",Angoulême,70  AVENUE LEHMANN,16000.0,www.zhongdingfrance.sitew.com
2019-09-25,AMAZING DREAMING MACHINE,ADM,la production et la réalisation audiovisuelle et cinématographique ; la location de matériel audiovisuel,Angoulême,67  RUE RENE GOSCINNY,16000.0,http://admproduction.fr
2023-04-01,L'ART DU TUINA,L'ART DU TUINA,promouvoir le développement de la Médecine Traditionnelle Chinoise,Saint-Brice,3  IMPASSE DE LA FONTAINE,16100.0,https://www.formationmassagetuina.fr/
2008-10-06,MACHINE GUN ASSO,MACHINE GUN,promouvoir la musique rock dans la région et au-delà,Lussant,74   Grand'Rue,17430.0,www.myspace.com/machinegunstars
2017-11-20,THE FRENCH SHOW,TFS,"créer et organiser des événements avec entrée payante ou gratuite, ouvert à tout public (sous décision du président, vice-président et coprésident) . créer et vendre des vêtements à l'effigie de l'association, location et achat d'objet, machine et autres qui servirait à l'association, vente de boisson sans alcool lors des événements",Rochefort,18  RUE DU PETIT MARSEILLE,17300.0,https://showthefrench.wixsite.com/thefrenchshow
2018-10-24,YIN TAO,YIN TAO,"promouvoir, pratiquer et transmettre le Qi Gong ainsi que les activités physiques et socio-culturelles s'inspirant de la pensée chinoise ; de mettre en place des séances individuelles ou collectives, des stages, des démonstrations, des cours, des évènements liés aux techniques des arts du bien être et de la santé au naturel",Royan,10 Bis  allée de l'Homme Blanc,17200.0,www.vintao-qigong.fr
2010-03-31,LA SOCIÉTÉ MARAÎCHINE DE TRACTION ET DE BATTAGES,SMTB,"fédérer un groupe de personnes autour d'une âssion commune qu'est la collection de matériel agricole ancien sur le territoire potevin; sauvegarder puis restaurer du matériel agricole ancien, faire découvrir et oartager lors de manifestation locale ce patrimoine agricole auprès de tout public",Taugon,LA BOIVERTERIE,17170.0,https://associationsmtb.wixsite.com/associationsmtb
2011-12-08,TAO XIN QI,TAO XIN QI,"proposer la pratique de cours d'arts énergétiques de bien être : exemple de cours de gymnastique chinoise, méditation, gymastique assise, posture statique et prévoit la possible rémunération de certains dirigeants y compris au titre de leurs activités salarié au sein de l'association",Belgodère,VIA STRAZZOLA,20226.0,https://www.gymnastiquechinoise.fr/
2014-08-27,QI ZEN 17,QI ZEN 17,"organiser des stages d'arts martiaux chinois et de méthodes de relaxation tels le tai ji quan, le qi gong et le kung fu ; créer des événements ; faire appel à des intervenants spécialisés dans le domaine ; promouvoir les arts martiaux chinois",Rochelle,72  rue rue de la muse,17000.0,http://qizen17.jimdo.com
2011-05-17,ASSOCIATION PLANETE TIGRE,ASSOCIATION PLANETE TIGRE,"oeuvrer à la protection de la faune sauvage et de son milieu par des actions d'éducation, de sensibilisation et d'information auprès du grand public, des médias et par tout autre moyen ; oeuvrer à la protection de la nature et de la faune sauvage par des actions visant à faire respecter les lois et règlements en vigueur sur le sujet et veiller au respect du statut des espèces protégées ; promouvoir et soutenir les projets de conservation de la faune sauvage menacée à travers le monde ; promouvoir le retour et le maintien durable des grands carnivores en France, en Europe et dans le monde en veillant à faire respecter les législations nationales et communautaires, en collaborant avec d'autres associations sur ce thème ainsi que par tout autre moyen ; promouvoir et développer un écotourisme respectable, un tourisme respectueux de l'environnement ; assurer la conservation, la préservation et gérer des réserves naturelles in situ ; promouvoir films, photos, études scientifiques etc. ; promouvoir des projets ex situ destinés à récupérer des animaux (gros félins) maltraités ou issus de cirques ainsi que pour la préservation d'espèces menacées, pour la réinsertion ex situ des gros félins, notamment des tigres du Bengale, de Sumatra, de Sibérie, d'Indochine, de Chine et de Bali ; permettre d'apporter une aide matérielle aux membres de l'association présents sur le terrain dans les différents pays du monde avec une forte concentration sur l'Inde pour la protection et la préservation du tigre du Bengale",Dijon cedex,14 RUE COUPE LA POINTE,21240.0,http://www.planete-tigre.com
2015-03-12,YANGCHUN ASSOCIATION CULTURELLE FRANCO-CHINOISE,YCACFC,échanger la culture entre la France et la Chine ; diffuser en France la culture chinoise traditionnelle et contemporaine ; stimuler les intérêts et faciliter les études en culture chinoise pour les citoyens dijonnais ; encourager et aider les artistes chinois à faire exposer leurs oeuvres en France,Dijon,6 A allée de l'Yonne,21000.0,http://www.ycacfc.com
2020-02-04,DA TUOLUO,DA TUOLUO,"développer tout ce qui a trait à la pratique et l'enseignement de la toupie chinoise, du fouet fitness et des autres disciplines connexes (taichi, yoga, etc) ; vendre le matériel et l'équipement liés à la pratique de ces activités ; proposer des prestations de « soins » de confort et de remise en forme basées sur les pratiques traditionnelles chinoises ; faire connaître la culture chinoise en organisant des manifestations culturelles ; plus généralement, effectuer toutes opérations industrielles, commerciales ou financières, mobilières ou immobilières, pouvant se rattacher directement ou indirectement à l'objet social ou susceptibles d'en faciliter l'extension ou le développement",Maël-Pestivien,LIEU DIT KERBRAT,22160.0,https://da-tuluo.com
2011-06-22,KERZEN,KERZEN,promouvoir et diffuser le tai chi chuan (art martial chinois) et la méthode d'euphonie gestuelle du samadéva (méthode d'expression psychocorporelle harmonieuse artistique et équilibrante),Lannion,140 BIS ROUTE DU CREC'H,22300.0,http://kerzen.monsite-orange.fr/
2006-05-19,ASSOCIATION SPORT ADAPTE BRIOCHINE,ASSOCIATION SPORT ADAPTE BRIOCHINE,"Faire pratiquer des axctivités physiques et sportives aux personnes atteintes d'un handicap mental ou troubles de l'adaptation, de développer les liens d'amitié entre ses membres adhérents afin de permettre une meilleur approche des personnes handicapées mentales, aussi bien sur un plan sportif que sur tous les autres plans, d'encourager sur le plan local, départemental et régional la création de groupements sporrtifs destinés, par la pratique du sport, à developper la motricité des personne",Saint-Brieuc,4 D  RUE FéLIX LE DANTEC,22000.0,https://www.asab22.com/
2015-12-03,HISTOTUB,HISTOTUB,"réunir tous les amateurs de transport urbains de l'agglomération briochine, sauvegarder restaurer et mettre en valeur le patrimoine roulant ayant circulé sur le réseau de transport en commun de Saint-Brieuc",Saint-Brieuc,2 RUE LECONTE DE LISLE,22000.0,https://www.histotub.com/
2011-05-05,MACHINE EST MON COEUR,MACHINE EST MON COEUR,"toutes les activités relatives au développement, à l'accompagnement, à l'administration et à la gestion du groupe de musique MACHINE EST MON COEUR",Razac-d'Eymet,,24500,www.machineestmoncoeur.com
2023-06-14,EVE ENERGIE VIE EQUILIBRE,E V E,"enseignement des arts traditionnels énergétiques chinois,",Nontron,158  IMPASSE DE CLARAT,24300,https://www.relaisdeclarat-evebienetre.fr/eve-bien-etre
2008-03-19,PERIGORD RANDO QUAD,PERIGORD RANDO QUAD,"faire découvrir en journée la flore et les paysages en empruntant les accès autorisés à l'aide de quads, dans le respect de l'environnement, des machines et des hommes",Saint-Geniès,,24590,http://www.perigord-rando-quad.com
2014-06-27,ASSOCIATION SPORTIVE K1,AS K1,"enseigner et encadrer la pratique des disciplines suivantes : kick boxing sous tous ses styles (full contact, low kick, k1 rules, light contact, kick light, point fighting, musical forms, k1 rules light) et disciplines assimilées : aérokick, boxe américaine, chauss'fight ; muay thaï, boxe thaï et disciplines assimilées : thaï boxing, muay boran (bando), boxe khmère, boxe birmane ; pancrace et disciplines associées : lute-contact, pancrace submission,	sanda-boxe chinoise et disciplines assimilées, disciplines associées : contact défense, boxe arabe",Saint-Vit,18  RUE D'OUGNEY,25410,www.ask1saintvit.fr
2018-02-12,BATTLE-GROUP,BATTLE-GROUP,"promouvoir le jeu de figurines autour des jeux Warmachine, Hordes, Company of Iron et tout autre jeu susceptible d'intéresser la communauté de joueurs ; maintenir la communauté par le biais d'un site internet http : //www.battle-group.com/ ; animer la communauté sur les réseaux sociaux ; organiser des tournois à travers la France et aider à la réalisation de tournois internationaux ; réaliser des projets à caractère informatique pour financer l'activité de l'association",BESANCON,28 B Rue François Arago,25000,https://www.battle-group.com/
2023-03-31,DEBARRAS SOLIDAIRE,DEBARRAS SOLIDAIRE,"récupérer toutes choses ayant encore une utilité avant la mise en décharge publique ou en déchetterie communale ; récupérer des vêtements, des chaussures, du mobilier, de l'électroménager, des motos, des vélos, des mobylettes, des voitures, des meubles, des machines à coudre, des draps, des couvertures, des linges, des serviettes, de la vaisselle, des ustensiles de cuisines, ordinateurs, télévision, imprimantes, petits outillages de bricolages, outillages professionnels, matériels de jardinages ; débarrasser des entreprises, des particuliers, lors de faillites d'entreprises, lors d'expulsion de locataires, lors de décès, lors de succession, lors de mise en vente de biens immobiliers ; cette opération consiste à charger, transporter, entreposer, trier, recycler, réparer afin d'alimenter les différents réseaux d'entre-aide solidaire locale, départementale, régionale, nationale et internationale",Saint-Antoine,7  RUE DU MARAIS,25370,http://www.debarras-solidaire.org
2003-03-25,MEMOIRE AGRICOLE DU PAYS DE GRIGNAN,MEMOIRE AGRICOLE DU PAYS DE GRIGNAN,"RECENSER, RASSEMBLER, DOCUMENTER ET PRESENTER AU PUBLIC LES OUTILS; MACHINES, INSTRUMENTS ET OBJETS DE TOUTE NATURE AYANT SERVI OU SERVANT AUX ACTIVITES AGRICOLES DANS LE PAYS DE GRIGNAN.",Grignan,PLACE DE LA MAIRIE,26230,memoireagricolegrignan.fr
2022-10-08,ECOLOGIE DU CORPS CONSCIENCE ET RESSOURCEMENT,ECOLOGIE DU CORPS,"développer la connaissance et les pratiques des Arts Traditionnels de la médecine chinoise et d'autres Arts Traditionnels de soins et bien-être, comme : 
le Shiatsu Traditionnel Japonais (et les techniques qui en découle comme : le O'tsu Watsu, le Amma) , les mouvements de santé (Qi-Gong, Do-ln, Soteil ZenDo, etc ) , l'Art de composer un repas, la tisanerie, la calligraphie (Shodô) , et d'autres pratiques et techniques manuelles, corporelles et dansées (Butô) ; 
Renseigner sur les médecines douces, alternatives ou holistiques ; 
Ces pratiques sont réalisées dans le respect de la personne, son vécu et son état de santé ; Elles s'adressent à un large public (privé, entreprises, groupement, associations ) ;",Saint-Gervais-sur-Roubion,14  PLACE DU PARTERRE,26160,https://www.marion-berger.fr
2018-09-11,L' ESPRIT DE L' AIGLE,L' ESPRIT DE L' AIGLE,"enseignement du Kung-Fu sino-vietnamien style YangKiDo, l'enseignement de tous les arts martiaux externes et internes, les disciplines de bien-être et de relaxation à travers le loisir",Peyrus,CHEMIN GASTON REYNAUD,26000,http://www.shengzhiqidao.org/
2016-05-06,ASSOCIATION FRANCO-CHINOISE FRANCELYSEE,FRANCELYSEE,"favoriser l'amitié franco-chinoise, les échanges culturels entre ressortissants français et chinois, la connaissance de la culture française par les chinois, les opportunités d'affaires entre les chinois et les français",Vernon,32  route DE CHAMBRAY,27200,http://www.francelysee.com
2014-12-09,BETA MACHINE,BETA MACHINE,"apprendre, partager et transmettre des expériences et des savoirs, qu'il soient théoriques ou pratiques ; favoriser et développer la mise en application des acquis théoriques et l'expérimentation pratique dans le domaine technique et scientifique, sans que cela soit exclusif pour d'autres thématiques ; soutenir, promouvoir et faciliter l'utilisation d'outils libres d'accès et en particulier d'outils sous licence libre ; promouvoir la réappropriation des technologies numériques et scientifiques par les citoyens ; accompagner les individus et les entreprises dans la transition technologique et numérique ; Promouvoir l'innovation par le biais de l'intelligence collective et mettre en relation citoyens, entreprises et collectivités",Lucé,8 RUE DE LA TAYE,28110.0,https://www.betamachine.fr
2017-04-28,DAOYIN QI GONG ACADÉMIE,DAOYIN QGA,"promouvoir et uvrer pour la pratique des activités sportives telles que le Qi Gong ou le Tai Chi, la méditation dans un objectif d'amélioration du Bien-être et de la santé et de diffuser la culture chinoise, la médecine chinoise",Beaumont-les-Autels,La Mérie,28480.0,https://daoyinqigongacademie.org
2001-02-28,COMITÉ RÉGIONAL BRETAGNE PAYS DE LOIRE DE LA FÉDÉRATION FRANÇAISE DES ARTS ÉNERGÉTIQUES  ET  MARTIAUX CHINOIS,FAEM,"développer dans sa région le goût et la pratique des arts énergétiques et martiaux d'origine chinoise, sous leurs formes les plus diverses, qu'elles soient méditatives, ou orientées vers le développement des personnes, la santé, le bien être, la compétition ; étudier et transmettre dans sa région les techniques, la tradition et l'esprit originaux de ces arts, sans discrimination de style ou d'école ; ces arts sont considérés comme moyen d'éducation et de culture, d'intégration et de participation à la vie sociale, par une conception de l'activité physique et du sport allant de la saine détente à l'émulation, dans le cadre de la compétition tant de loisir que de haut niveau, formatrice en termes éducatifs, et respectueuse de l'environnement et de la santé des pratiquants, entreprendre dans sa région toute action susceptible d'apporter aux organismes affiliés une aide effective dans leur fonctionnement sur le plan de l'enseignement, de la création et de la diffusion de l'information ; représenter dans sa région les organismes affiliés et défendre les intérêts des arts énergétiques et martiaux chinois, faire respecter dans sa région les règlements édictés pour l'organisation de son activité, favoriser dans sa région toutes les activités permettant de promouvoir les arts énergétiques et martiaux chinois et rechercher tous les moyens légaux, éthiques et déontologiques propres à réaliser les objectifs fédéraux ; regrouper les associations au sein desquelles sont pratiqués les arts énergétiques et martiaux chinois dont la liste est fixée par arrêté du ministre chargé des sports ou par décision du comité directeur fédéral, dénommés ci-après : pratiques associées, telles que le Roli-Ball, la danse du lion, l'escrime chinoise, d'organiser, de développer, de réglementer, de contrôler, dans le cadre des textes législatifs et réglementaires en vigueur, la pratique, l'enseignement et la promotion des arts énergétiques et martiaux chinois et de ses disciplines associées ; veiller au respect de la charte de déontologie du sport établie par le comité national olympique et sportif français et la fédération ; se référer, dans l'élaboration de sa politique, de ses règlements et de sa gestion, aux concepts du développement durable et de l'environnement",Carantec,26 RUE DE LA MOTTE PIQUET,29660,https://www.httpscomite-regionale-ffaemc-bretagne-pays-de-loire.
2016-03-14,BREIZH TOUCH,BREIZH TOUCH,"promouvoir les produits bretons en Chine en vue d'un événement qui présentera plusieurs produits définis au préalable, renforcer les relations économiques et culturelles entre la Bretagne et la Chine",Guilers,245  rue Emile Masson,29820,breizhtouch.wifeo.com
2011-10-25,BREIZH FIGHTING SPIRIT,BFS,"permettre d'accéder au roulage sur circuit et à la compétition aux motards, par un soutien moral, physique et matériel ; améliorer la sécurité routière des motards en pratiquant le sport motocycliste sur circuit, par un apprentissage des réflexes, du comportement du conducteur, et des limites de sa machine ; offrir à ses membres et aux motards en général un loisir sportif et éducatif par l'apprentissage des activités liées au motocyclisme ; octroyer et développer l'esprit d'équipe autour d'un intérêt commun ; promouvoir et subventionner les pilotes de l'équipage ""Breizh Fighting Spirit"" pour la participation à des courses d'endurance et de vitesse ; de développer les activités liées au sport et /ou au tourisme motocycliste ; d'étudier les questions de nature à en favoriser le développement",Ergué-Gabéric,Stang Quéau,29500,http://bfsracingteam.wix.com/bfs-racingteam
2015-07-01,MANDARINE TUSERIAN,M.E.T.,"rechercher, faire découvrir et utiliser le sens de l'odorat et les possibilités de l'olfaction ainsi que de développer la culture des parfums, et concevoir des mélanges parfumés dans les domaines suivants : parfumerie, olfactologie, aromatologie, aromachologie, olfactothérapie et pédagogie",Concarneau,5  rue de la Libération,29900,www-mandarinetuserian.fr
2013-06-08,COMITÉ DE QUARTIER DU DOMAINE DE LA CLASTRE - BEAUVOISIN,COMITÉ QUARTIER DOMAINE DE LA CLASTRE,"défendre les intérêts communs et partagés des Beauvoisinois résidents, propriétaires, bailleurs de la ZAC de la Clastre à Beauvoisin (30640) , auprès des pouvoirs publics ; faire le lien entre les habitants de la ZAC de la Clastre, la municipalité en place et le lotisseur, en donnant son avis, en élaborant des projets, en faisant des propositions, en saisissant la Municipalité et le lotisseur, et pouvant être consultée également par tous ;communiquer sur les projets dans les domaines de l'urbanisme, la circulation, la voirie, les équipements sociaux, culturels et sportifs ; favoriser le bien vivre ensemble à la Clastre, en créant du lien social entre les habitants",Beauvoisin,276  rue Aramon,30640,http://assoclastre.blogspot.fr/
2014-07-08,FAB@NIMES,CENTRE FAB@NIMES,permettre à des personnes (étudiants et non étudiants) d'accéder aux ressources indispensables pour effectuer la conception et la fabrication de machines de prototypage,Nîmes,8  rue jules Raimu,30907,http://fabatnimes.webs.com/
2015-11-24,GOLDEN HARMONY KUNG FU FRANCE,GOLDEN HARMONY FRANCE,enseigner des arts martiaux et énergétiques traditionnels chinois aux français,Nîmes,3  square de la bouquerie,30000,www.goldenharmonykungfu.com/france
2025-05-22,OASIS SANTÉ,OASIS SANTÉ,"fournir un accès à des machines en rapport avec la santé, le bien être et l'esthétique ; proposer des séjours incluant l'accès à ces équipements ; fournir des conseils en santé, bien être et esthétique de façon holistique et, plus généralement, toutes opérations industrielles, commerciales ou financières, mobilières ou immobilières, pouvant se rattacher directement ou indirectement à l'objet social ou susceptibles d'en faciliter l'extension ou le développement ;",Vers-Pont-du-Gard,159  CHEMIN DU CLOS DES TOUILLERS,30210,http://www.oasis-santé.fr
2022-09-21,COMPAGNIE PYROMACHINE,CIE PYROMACHINE,"créer, produire et diffuser des décors et des spectacles vivants avec effets pyrotechniques ; organiser des ateliers micro fusées, d'activités manuelles et de bricolage",Quissac,6 route du Palin,16370,http://www.pyromachine.fr
2008-08-01,TIGRES DU SUD,TIGRES DU SUD,enseigner et  promouvoir le Kung-Fu Wushu (boxe chinoise),Lavernose-Lacasse,410  chemin de Perrot,31410,tigresdusud.free.fr
2014-11-12,L ' ORDINATEUR FACILE,L ' ORDINATEUR FACILE,"apprentissage et découverte des nouvelles technologies (téléphone mobile, ordinateurs, internet, domotique, géolocalisation, aide aux personnes âgées et/ ou isolées, scolaires, healthcare, etc) ; organisation de stage d'évènements autour de la thématique des nouvelles technologies, de leur utilisation et d e leur application en tout domaine d e la maison familiale ; d e l'entreprise et d e l'art, nous y incluons également l'assistance aux personnes victimes d'addictions aux nouvelles technologies, ainsi qu'aux victimes de désinformation, encourager la restructuration de l'activité d u centre de santé du village, mise à disposition d'un lieu où le public pourra découvrir les différents aspects tels arts et technologies dans une volonté de réduire la «fracture numérique » ainsi que intergénérationnelle dans un contexte rural, création d'un tiers-lieu comprenant restauration sociale, machine à laver, douche, projet d'une structure coopérative afin d'encourager la production et la consommation d'électricité propre, encourager le tri et la valorisation de déchets, encourager l'usage des toilettes sèches, tout ceci dans une pratique d'ouverture d'esprit, de respect du contexte local et de l'environnement",Montbrun-Bocage,3 RUE DU REBARAT,31310,http://www.lordinateurfacile.fr
2015-09-12,TAI CHI SAVES,TAI CHI SAVES,"permettre l'étude, la pratique et la transmission d'un art martial interne chinois dénommé Taï Chi Chuan, style Yang, et des techniques diverses qui permettent de progresser dans sa compréhension ; veiller à ce que l'enseignement soit effectué au sein de notre association par des personnes compétentes et reconnues à cet effet en assurant leur formation en interne, auprès d'autres instances ; organiser des stages, voyages, rencontres, conférences, publications et toutes initiatives pouvant aider à réaliser notre objectif et faire connaître l'association « Tai Chi Savès » ; participer à la préservation de notre environnement naturel par des initiatives allant dans ce sens, dans la recherche d'équilibre et d'harmonie qui correspond à notre objet",Rieumes,Marquos,31370,www.tai-chi-saves.fr
2023-11-19,SHENG TAICHICHUAN EN SAVÈS,SHENG SAVÈS,"promouvoir et organiser par tous moyens appropriés des activités, rencontres, pratiques, pratiques culturelles, pratiques artistiques, pratiques sportives, événements, voyages, séjours, formations, en lien ou en association avec tous arts énergétiques martiaux internes chinois, dont principalement le taichichuan, et tous arts qui peuvent y être associés ; et plus spécifiquement favoriser le bien-être et la forme physique, le bien-être mental, la prévention de la perte d'autonomie, le développement de la coordination, la proprioception, l'entretien de la mémoire, la recherche de la beauté et/ou de la justesse du geste, à travers la découverte, l'apprentissage, la pratique et la progression des connaissances & techniques en taichichuan de style Yang-Tung (taichichuan issu du style Yang et promu par la famille Tung) , philosophie et exercices taoïstes, et de toutes autres pratiques reliant corps et esprit qui peuvent lui être associées, notamment les autres arts internes et martiaux chinois et arts associés (QiGong, Rolli-ball ) et les pratiques artistiques telles que peinture, dessin, chant, musique, théâtre, mime, clownetc",Rieumes,10  PLACE DE LA POSTE,31370,http://www.sheng-taichi-saves.org
2007-04-30,ROBOTS HOME,ROBOTS HOME,"promotion des robots et systèmes robotiques, domotiques, électroniques, de sécurité, et machines utiles pour la maison, le jardin, la piscine ; démonstration des robots et systèmes robotiques, électroniques, de sécurité, sur demande des intéressés, au sein des foires et salons, et tous rassemblements autorisés; vente de tous ces systèmes par voie directe ou par correspondance ; rédaction et diffusion de fiches techniques concernant la maison, le jardin, la piscine, consultable sur le site Internet",Toulouse,51  chemin de la Flambère,31300,www.robotshome.fr
2007-09-10,ASSOCIATION SCOOTER CHINOIS,ASSOCIATION SCOOTER CHINOIS,"réunir et fédérer les utilisateurs de scooters et deux roues chinois, ce qui permettra de mettre en place au niveau national et international un système d'entraide; aider et défendre ses membres en organisant des médiations, rencontres, contacts avec les autorités chinoises, constructeurs, importateurs, revendeurs, distributeurs de scooter et deux roues chinois; obtenir auprès des divers acteurs du monde du scooter et deux roues chinois et autres, des réductions, tarifs préférentiels",Lauzerville,1 bis  impasse de la Tuilerie,31650,www.scooter-chinois.fr
2007-10-08,COMPAGNIE L'ARAIGNEE DANS LE PLAFOND,COMPAGNIE L'ARAIGNEE DANS LE PLAFOND,"promouvoir la culture et le théâtre à travers la création, l'adaptation, l'interprétation, la production; diffusion de spectacle vivants (danse, théâtre, musique, marionnette, conte); accueil au sein de la compagnie d'auteurs contemporains, illustrateur, créateurs de décor; édition de livres et pièces de théâtre, ateliers de théâtre, de conte, d'écriture; sensibilisation dans les écoles maternelles, primaires, collèges, lycées, dans les milieux carcéraux, quartiers sensibles, hôpitaux, maisons de retraite; stage de théâtre, conte, marionnette, ombres chinoises, clown",Toulouse,10 AVENUE DE FRONTON,31200,www.cieadp.com
2008-02-18,ASSOCIATION FRANCE-CHINE DE LA MALADIE D'ALZHEIMER (AFCAD),ASSOCIATION FRANCE-CHINE DE LA MALA...,"rassembler les hommes et les femmes acteurs de la recherche scientifique, ainsi que le monde économique autour d'une seule préoccupation : participer à la luttre contre la maladie d'Alzheimer, elle sera un lieu de rencontres, d'échanges pour les scientifiques, les cliniciens, les industriels entre la France et la Chine autour du sujet de la maladie d'Alzheimer",Toulouse,2 Quai Lombard,31000,www.afcad.org
1999-01-19,LA MACHINE,LA MACHINE,promouvoir les métiers et savoir-faire du spectacle au travers de la création la réalisation et la cession de décors machines et objets de spectacle de tous biens mobiliers et immobiliers en rapport avec le spectacle la création la production et la diffusion de spectacles,Nantes,06  IMPASSE MARCEL PAUL,31170,http://www.lamachine.fr
2009-02-20,MHZ TOULOUSE RANGUEIL,MHZ TOULOUSE RANGUEIL,"proposer, à toulouse, aux membres de l'association européenne de mei hua
zhuang (ae-mhz) l'étude, la pratique, la promotion et le développement du mei hua zhuang (mhz) , art
martial chinois, dans le respect de l'enseignement traditionnel des maîtres, tel qu'il a été transmis au fil des
siècles",Toulouse,27 CHEMIN DES MARAÎCHERS,31400,https://www.meihuatoulouse.org
2011-04-15,OMBRE ET SOLEIL TOULOUSE TAI CHI CHUAN,OMBRE ET SOLEIL TOULOUSE TAI CHI CHUAN,retransmettre une tradition artistique et culturelle issue de la chine ancienne par l'étude et la pratique d'un art martial traditionnel interne chinois dénommé Tai Chi Chuan (école Yang - style du petit dragon) et des techniques diverses qui lui sont propres,Toulouse,19  RUE BAYARD,31000,http://www.ombre-et-soleil.asso.fr
2013-07-17,ASSOCIATION AEROSPATIALE FRANCO-CHINOISE (AASFC),AASFC,"fournir aux membres une plate-forme à long terme pour l'échange d'information et d'autre part de promouvoir les échanges et la coopération entre la Chine et la France dans le domaine de l'aérospatiale ; organiser des conférences, des visites d'entreprises, des échanges professionnels et participer aux évènements aéronautiques, particulièrement ceux mettant en jeu la coopération franco-chinoise ; organiser des activités de loisirs et sportives notamment en vue de partager les cultures chinoises et françaises ainsi que la passion de l'aéronautique",Castanet-Tolosan,12  RUE DU PETIT PRINCE,31320,www.aasfc.online.fr
2003-02-18,TCHIN-TCHINE,TCHIN-TCHINE,"promotion et développement d 'échanges franco-chinois dans les domaines de la culture, la formatio , le spectacle vivant",Toulouse,50  RUE D'AUBUISSON,31000,www.tchin-tchine.com
2014-03-27,LA NAVETTE SINO-FRANCAISE (NSF),LA NAVETTE SINO-FRANCAISE (NSF),"promouvoir les échanges et renforcer les relations amicales, culturelles, scientifiques, économiques, etc. entre la Chine et la France à travers ses membres, ressortissants chinois vivant en France et sympathisants français et par des activités telles que visites, expositions, séminaires, conférences, cours de cuisine et de langues, concerts, tournois, formation",Toulouse,202  rue des Fontaines,31300,http://www.navette-sinofr.com/
2014-09-16,UNION DES TALENTS CHINOIS EN FRANCE,UNION DES TALENTS CHINOIS EN FRANCE,"réunir les talents chinois en France, mettre en relation les associations et les sociétés franco-chinoises, pour contribuer à l'enrichissement culturel, sociale et économique de la France",Toulouse,20  rue André Chenier,31500,chinoisenfrance.fr
2016-11-02,MAISON CULTURELLE CHINOISE,MAISON CULTURELLE CHINOISE,"l'association ""Maison Culturelle Chinoise"" de Toulouse a pour but de faire découvrir la culture chinoise aux personnes intéressées et de les mettre en relation avec celle-ci ; l'association propose la découverte de la culture chinoise sous différentes formes",Toulouse,11 BOULEVARD DE LA MEDITERRANEE,31400,http://www.maisonculturellechinoise.fr
2016-12-20,ASSOCIATION BOOM SOUND MACHINE,BOOM SOUND MACHINE,"permettre au groupe musical Boom Sound Machine de jouir pleinement de son activité artistique, notamment de faciliter l'organisation de répétitions, de concerts ou d'animations musicales et de promouvoir sa musique ; promouvoir, soutenir, organiser des concerts de musique, des manifestations artistiques et culturelles,  prendre part à des activités de sensibilisation, de formation spécifique à l'écoute et à la pratique de la musique ainsi que toutes activités annexes et connexes",Toulouse,8  RUE MAURICE MELAT,31200,http://www.boomsoundmachine.com
2017-01-24,ASSOCIATION NOUVELLE DES ANCIENS ET AMIS DE L'INDOCHINE ET DU SOUVENIR INDOCHINOIS DE LA HAUTE-GARONNE (A.N.A.I. 31),A.N.A.I. 31,"réunir en Haute-Garonne, et dans les départements voisins, les français, vietnamiens, cambodgiens et laotiens qui sont attachés au souvenir de l'Indochine, afin de la faire connaître à l'opinion publique, l'illustrer notamment l'oeuvre que la France y a accomplie pendant trois siècles, honorer la mémoire de ceux qui sont morts pour défendre la liberté de ses peuples, défendre les intérêts moraux et l'honneur des anciens combattants et victimes de guerre, favoriser l'entraide au profit des anciens d'Indochine et des indochinois dans le besoin, faciliter la connaissance réciproque des français et des indochinois d'aujourd'hui, l'association s'interdit tout débat d'ordre politique, religieux ou syndical",Toulouse,2  rue Delpech,31000,http://www.anai-asso.org/net/document/anai/index.htm
2017-10-28,CORPS & DAO - ARTS CHINOIS DU MOUVEMENT,CORPS & DAO,"promouvoir la pratique, la réflexion scientifique et le partage autour des techniques du corps chinoises (arts martiaux, médecine traditionnelle, gymnastique, techniques du souffle et de la concentration, danse, théâtre
) et des contextes sociaux et environnementaux multiples avec lesquels elles interagissent (en Orient comme en Occident) ; de manière plus large, les activités de l'association peuvent adresser des thématiques liées aux cultures asiatiques en général et aux techniques du corps de par le monde",Toulouse,1  IMPASSE SICARD ALAMAN,31500,https://corpsdao.wordpress.com/
2018-05-29,WULIN ASSOCIATION,WULIN ASSOCIATION,"développement des arts martiaux et énergétiques chinois (Wushu, sanda, danse du lion, etc)",Toulouse,4-6 RUE ADÉLAÏDE LAHAYE,93170,http://wulinassociation.fr
2018-10-11,MACHINE LEARNING,MLREC,label de musique électronique,Toulouse,62  ALLEE DES DEMOISELLES,31400,https://machinelearningrec.bandcamp.com/
2019-03-19,CENTRE CÂY THÂN,CCT,"création de passerelles entre les cultures par tout moyen et tout support d'activités, la création de passerelles entre les entendants et les sourds par tout moyen et tout support d'activités et de communication, la lutte contre les communautarismes et les discriminations de toutes sortes, la création d'un espace convivial pour tous et toutes ; enseignement, formation, et compétition relative aux arts martiaux et plus particulièrement au Võ Thuat, et autres arts martiaux sino vietnamiens, japonais et asiatiques de manière générale ; toute activité à caractère sportif ou culturel en liaison avec l'Asie ; animation de loisirs sportifs, jeux sportif et jeux d'opposition accessibles à tous, la prévention de la santé physique et mentale par l'activité sportive, maintien du lien social (principe de sport santé) ; toute activité liée au bien-être et l'épanouissement par le mouvement ; accompagnement des porteurs de projets, professionnels et futurs professionnels, dont RQTH qui uvrent dans les mêmes objectifs que l'association ; développement culturel et humanitaire",Saint-Paul-sur-Save,2272 CHEMIN DE BEL AIR,31530,https://centrecaythan.fr
2019-07-08,NAH TURE,NAH TURE,"cette association souhaite promouvoir le bien-être sous plusieurs formes ; cours de yoga pour adultes, enfants et séniors , particuliers et entreprises ; cours de méditation pour adultes, enfants et séniors , particuliers et entreprises ;  ateliers « neuroludo » (aider à une meilleure gestion des émotions et du comportement
) pour enfants ;  ateliers autour du bien-être pour adultes , particuliers ou entreprises , (initiation à des disciplines liées à la médecine chinoise et indienne, soins corporels relaxants
)",Blagnac,12  RUE PROSPER FERRADOU,31700,http://nahture.fr
2019-09-17,CLUB OMNISPORTS LALANDE TOULOUSE SECTION ARTS MARTIAUX,COLT ARTS MARTIAUX,pratique des arts martiaux chinois et des disciplines associées,Toulouse,3  RUE DU DOCTEUR SUZANNE,31300,https://www.wing-tsun-toulouse.fr/
2020-05-28,ARTS ÉNERGÉTIQUES ET MARTIAUX CHINOIS SAINT-ORENS,AEMC SAINT-ORENS,"développer et promouvoir les activités physiques et sportives de détente et de loisir à tous les âges et dans tous les milieux ainsi que toutes les pratiques visant au développement et à l'épanouissement de la personne ; elle considère ces activités comme un élément important de l'éducation, de la culture, de la santé publique, de l'intégration et de la participation à la vie sociale",Saint-Orens-de-Gameville,8  IMPASSE DE LA FORGE,31650,http://aemc-saintorens.fr
2021-10-15,ÉDITIONS DU BON MOT,ÉDITIONS DU BON MOT,"éditer, publier et promouvoir une oeuvre littéraire ; faire découvrir la Chine au travers d'une réécriture de conte publiée ; aider à la mise en place de blog, de site Internet en vu de développer le commerce des ouvrages ; porter à la connaissance du public des textes correspondant à la ligne éditoriale de l'association ; accompagner les auteurs et les textes du manuscrit jusqu'aux lecteurs ; organiser ou participer à toute sorte d'action ou événement culturel (par exemple lecture publique, dédicaces, conférences, salon ou festival) favorisant l'épanouissement du livre ; contracter, que ce soit avec l'auteur, le traducteur, l'illustrateur, l'imprimeur, le distributeur, le diffuseur, ou avec toute personne ou structure nécessaire à l'épanouissement du livre ; avoir des activités économiques, qu'il s'agisse de vendre ses livres sans but lucratif ou de rémunérer l'auteur ainsi que toute personne ou structure avec laquelle l'association aura passé un contrat marchand",Blagnac,56  RUE MAX FISCHL,31700,https://editions-dubonmot.prawse.fr/
2022-02-09,SILICOOP,SILICOOP,"développer et promouvoir les activités liées à la filière microélectronique en France et à l'étranger autour de deux axes principaux : l'innovation ouverte et l'économie circulaire ; les architectures ouvertes fondées sur des initiatives liées à RISC-V et OPENPOWER sont prépondérantes à ses actions ; SILICOOP propose : des produits tels que des lignes de production en « open-hardware », des microprocesseurs et microcontrôleurs pour systèmes embarqués, des procédés et machines de recyclage de composants électroniques ; des services pour : fédérer par un observatoire cartographiant, dispensant avis ou recommandations, animant des groupes ou communicants ; accompagner les entreprises au marché des technologies ouvertes par une offre de prestations personnalisées et innovantes ; sécuriser la chaîne d'approvisionnement (intelligence économique) ou la sécurité de l'information (cybersécurité) ; valoriser, mutualiser et développer l'expertise par des offres de formations ou de conférences ; et toutes activités annexes, connexes ou complémentaires s'y rattachant directement ou indirectement, ainsi que toutes opérations civiles, commerciales, industrielles, mobilières, immobilières, de crédit, utiles directement ou indirectement à la réalisation de l'objet social",Toulouse,12 RUE DES EPARGES,31500,https://sili.coop
2022-03-28,"""IFAEC"" INSTITUT DE FORMATION DES ARTS ENERGETIQUES CHINOIS",IFAEC,"former à l'enseignement des Arts Énergétiques et Martiaux Chinois et à toutes pratiques visant au développement personnel, et en assurer la promotion",Toulouse,8  IMPASSE DE LA FORGE,31650,https://ifaec31.fr
2024-10-15,AMMA-YOGA,AMMA YOGA ET MTC,"cours de yoga collectif et individuel, création de protocole, vente et formation de protocole, organisation d'évènement en France et à l'étranger, soins énergétique et tout ce que cela implique, MTC ( médecine traditionnelle chinoise) , massage, vente de produits relatifs aux activités proposés, vente de boisson et nourriture, toute activité ayant un rapport avec celles listées précédemment et qui n'aurait pas été mentionné",Montrabé,53  ROUTE DE LAVAUR,31850,https://www.amma-yoga.com/
2025-06-05,"ASSOCIATION S-H-E-N (SANTÉ, HARMONIE, ENERGIE, NATURE) REVEL",ASSOCIATION S-H-E-N,"développer le qi gong et le ba gua zang, arts énergétiques traditionnels chinois et la médecine énergétique chinoise ; 
des cours, des ateliers santé, des stages en lien avec l'énergétique chinoise seront dispensés par un professeur diplômé et expérimenté ; 
l'association shen s'inscrit dans une logique alternative de bien-être et de santé à travers l'apprentissage de pratiques millénaires en lien avec la médecine chinoise",Revel,38  CHEMIN DES CAUSSINIERES,31250,https://www.qi-gong-shen.fr/
2006-05-24,CAMP DE SIEGE MEDIEVAL,CAMP DE SIEGE MEDIEVAL,"faire découvrir au public l'époque médiévale et antique par la présentation, la visite, la démonstration, le spectacle, la reconstitution et l'animation avec participation et interaction avec le public de scènes, de combats de joutes
cette découverte se fait par l'initition pédagogique à l'archerie et l'arbalestrie médiévale, les armeqs et les machines du génie civil et militaire, l'artillerie, les constructions et les techniques de siège, les métiers anciens la castellologie la poliorcétique etc..
ainsi que par toutes activités touristiques, ludiques, pédagogiques, instructives ou culturelles, visites guidées, espace musée, aire de jeux, loisirs, jardins etc...
activités annexes
billeterie
boutique
restauration et boissons à emporter ou à consommer sur place",Larressingle,,32100.0,HTTP://LARRESSINGLE.FREE.FR
2006-04-11,ASSOCIATION TAIJI QUAN EYSINES,ASSOCIATION TAIJI QUAN EYSINES,transmettre et comprendre le taiji quan en tant que pratique énergétique en suivant les enseignements les plus originels venant de chine,Bordeaux,42  Avenue Carnot,33200,http://sagessedudragon.free.fr
2007-10-15,LE CERCLE DES DRAGONS DE JADE - ECOLE DE LA SAGESSE DU DRAGON,LE CERCLE DES DRAGONS DE JADE,"transmettre et comprendre, sous forme de cours, la culture asiatique par la philosophie (bouddhisme, taoïsme), les langues, les arts martiaux (la taiji quan, le bagua zhang), ainsi qu'au travers des disciplines de bien être comme le qi gong, le shiatsu, le reiki, la médecine traditionnelle chinoise, en suivant les enseignements les plus originels venant d'Asie",Le Bouscat,18  RUE LUCIEN BOYER,33850,http://www.sagessedudragon.com
2001-03-16,ASSOCIATION EYSINO-HAILLANAISE DE DEFENSE CONTRE LES NUISANCES DE L'AEROPORT,A.E.H.D.C.N.A.,protection des populations face aux risques liés au trafic aérien de l'aéroport de bordeaux Mérignac,Eysines,25 RUE DES ABEILLES,33320,https://www.aehdcna.fr
2014-04-02,CASINO ONE PIECE,CASINO ONE PIECE,"créer des jeux et animations sur le thème de One Piece, oeuvre de Eiichiro Oda",Mérignac,14  rue RICHARD WAGNER,33700,www.casino-onepiece.fr
2014-07-03,BT1100 BULLDOG CLUB DE FRANCE (BTBCF),BT1100 BULLDOG CLUB,"réunir en son sein les amateurs, propriétaires ou non de la moto Yamaha BT1100 Bulldog, de faire connaître ce modèle,  de promouvoir son utilisation, de mettre en place des réseaux d'aide et de conseils à l'achat, la vente, l'entretien et les réparations, les astuces d'utilisation et de modification de cette machine",Villenave-d'Ornon,20  chemin de Leyran,33140,http://bt1100-bulldog.fr
2016-03-21,ASSOCIATION FRANCO-CHINOISE DES RDV DU SUD-OUEST,ASSOCIATION FRANCO-CHINOISE DES RDV...,"établir le lien entre les chinois et les français ; aider les deux cultures à se comprendre ; accompagner les chinois à s'adapter à la culture français ; réunir la communauté et permettre de rencontrer des français pour échanger culturellement ; organisation concerts chinois et évènements en lien avec la Chine ; faire le pont entre les deux pays ; convier la communauté chinoise à des évènements de la région organisation de spectacles et d'événements culturels ; favoriser l'acte de création et le développement ; d'échanges des différents acteurs Franco-Chinois sur la région du Sud-Ouest ; encourager l'échange, le partage culturel et l'activité de mentorat entre adhérents ; donner des réponses concrètes aux questions que se pose les adhérents sur l'aspect culturel, commerciale et l'approche à adopter ; développer l'esprit de la culture du Sud-Ouest aux étudiants Chinois de la région via les différentes filières de formation et inversement",Bordeaux,177  cours Balguerie-Stuttenberg,33300,www.association-franco-chinoise.com
2016-05-24,JM ASSOCIATION COURS DE CHINOIS,JM ASSOCIATION COURS DE CHINOIS,"enseignement du chinois, ateliers, cours, culture, voyages",Bordeaux,32 RUE ALEXIS CAPELLE,33110,http://www.cours-de-chinois.net
2017-09-30,SANTE ET SERENITE,SANTE ET SERENITE,"promouvoir la santé et la sérénité par des pratiques corporelles de bien-être telles que la relaxation, la Pleine Conscience, le yoga et la médecine traditionnelle chinoise",Mérignac,57  AVENUE DE LA FORET,33700,http://sante-et-serenite.com
2020-04-01,ÉGLISE CHRÉTIENNE MISSIONNAIRE CHINOISE DE BORDEAUX,ECMCB,assurer la célébration du culte protestant évangélique ; maintenir et propager les doctrines énoncées dans la Confession de Foi annexée aux présents statuts ; pourvoir aux-frais nécessités par ce double objet,Cenon,2  RUE RAYMOND LAVIGNE,33100,https://gccbordeaux.wordpress.com
2022-04-06,LOTUS DANSE,LOTUS DANSE,danses et traditions folkloriques de Chine,Bordeaux,127  rue Malbec,33800,http://www.lotusdanse.wixsite.com
2008-11-14,VIVONS AVEC LE MOULIN DE PORCHERES,VIVONS AVEC LE MOULIN DE PORCHERES,"mettre en oeuvre tous les moyens permettant de préserver et conserver le moulin du Barrage à Porchères, ses machines, ses dépendances et son environnement",Porchères,37 PLACE PAUL ET PIERRE BARRAU,33660,https://moulindeporcheres.jimdofree.com/
2024-01-28,MORGANE & TERPSICHORE,MORGANE & TERPSICHORE,"récolter des fonds pour permettre l'inscription de Morgane PERESSINOTTO dans le Centre Chorégraphique Christian CONTE et Martine CHAUMET (Coutras) , afin qu'elle puisse devenir danseuse professionnelle ; Permettre son inscription dès le mois de septembre 2024 ;",Coutras,1  RUE FREDERIC CHOPIN,33230,https://morgane-vocation-danseuse-classique-professionnelle.fr/
2013-03-18,WUSHU ARTS,WUSHU ARTS,"dispenser des cours d'arts internes, énergétiques et martiaux chinois enfants, adolescents et adultes ; le projet pédagogique véhicule la promotion de l'éthique et des valeurs du sport et les valeurs de laïcité dans un objet de confiance en soi et de vivre ensemble ; promouvoir la culture d'asie, par des actions culturelles, démonstrations, ateliers ;",Poujols,CHEMIN DU CHRIST,34700.0,www.wushuarts.fr
2013-11-29,CORSE-CONTINENTS,CORSE-CONTINENTS,"honorer la mémoire d'Antoine LEANDRI, né le 25/07/1892 à Vezzani (2B), ainsi que sa famille, faire des recherches généalogiques, faire des recherches documentaires sur l'histoire de la Corse et des pays ayant composé  l'Indochine coloniale et publier ces recherches par tout moyen à sa convenance, organiser toutes manifestations, voyages d'étude ayant pour but de promouvoir son objet, participer à toute association ou activité culturelle et/ou humanitaire en lien avec l'objet de l'association, exercer une activité économique (formation et/ou conseil notamment) en lien avec l'objet de l'association",Montarnaud,19  rue Aire prolongée,34570.0,Http://corsecontinents.pagesperso-orange.fr
2020-09-15,"""TROIS PINCEAUX"" ECOLE D'ARTS D'EXTRÊME-ORIENT",TROIS PINCEAUX,"Promouvoir et diffuser les arts plastiques inspirés d'arts d'Extrême Orient, peinture et calligraphie et peinture chinoise et japonaise .
Promouvoir et organiser par tous moyens appropriés des rencontres,  conférences, activités, cours,  stages et atelier pratiques, culturelles et sportifs en lien avec les arts asiatiques en collaboration avec des artistes et des professeurs de médecine douce : qi gong et méditation .
Promouvoir et développer les activités de bien-être au caractère artistique, culturel, sportif et social.
-Organiser des manifestations artistiques annuelles et des expositions temporaires des participants de l'association.
Favoriser la créativité, la forme physique et bien être mental de manière plus spécifique à travers la découverte de la philosophie d'Extrême-Orient, l'apprentissage et la progression des connaissances.
 Mettre à disposition de ses membres les conditions optimales de pratique en salle et en plein air grâce à des lieux d'accueil compatibles et veiller à la qualité de l'enseignement en assurant les moyens nécessaires à la formation permanente et aux engagements du professeur et de son (ses) assistant(s) auprès des organismes en rapport avec ces disciplines.
Défendre et pratiquer un mode de vie en harmonie avec la nature
Participer à la défense de l'environnement et du cadre de vie dans une logique de développement durable
 Par ses buts et son fonctionnement, l'association se veut respectueuse des valeurs laïques et démocratiques afin de participer à l'émancipation des hommes et des femmes et rejeter toutes dérives sectaires, élitistes ou dogmatiques",Fozières,7  RUE DU BARRY,34700.0,http://www.troispinceaux.com
2007-11-15,LES 3 PETITS SINGES,LES 3 PETITS SINGES,étudier et transmettre l'esprit et la technique des arts martiaux sino-vietnamiens ainsi que tout autre art martial ou activité permettant le développement physique et mental des adhérents à l'exclusion de toute discussion ou ingérence politique ou religieuse,Mauguio,44  rue Alexandre Dumas,34130.0,http://www.3petitssinges.info
2010-06-25,UNPLEASED RECORDS,UNPLEASED RECORDS,"défendre les musiques nouvelles, musiques inventives et innovantes, reposant sur des oeuvres instrumentales et vocales conçues, composées et produites avec des instruments, machines électroniques ou technologies nouvelles, accompagner les artistes émergents issus de cette mouvance musicale sur le territoire régional, national et européen",Montpellier,33 rue des Airettes,34540.0,www.unpleased-records.com
2004-08-03,WU JI,WU JI,"promouvoir, transmettre et favoriser les connaissances sur et autour de la Chine, des arts énergétiques et des arts martiaux, notamment par le biais de l'enseignement, l'art, la culture et les échanges de toute nature pouvant s'y rapporter ; utiliser ces savoir-faire et le vecteur du sport comme moyen pour créer du lien social, culturel et développer notamment le sport santé et l'accès à l'activité physique pour tous",Saint-Mathieu-de-Tréviers,20 RUE DES CLAPARÈDES,34270.0,http://www.wuji-qigong.com
2013-01-23,CENTRE D'ACCUEIL ET DE SERVICE POUR LES ETUDIANTS CHINOIS (CASEC),CASEC,"promouvoir la venue, le séjour et la formation des étudiants chinois en France, accueillir les étudiants chinois, organiser des cours de langues, des échanges culturels, des excursions, de séjours linguistiques en France, en Europe et en Chine, organiser de différents types d'activités de coopération entre les établissements d'enseignements et les entreprises",Montpellier,200  avenue SAINT MAUR,34000.0,www.casecfrance.com
2014-10-07,"ENCRE SAUVAGE, A LA DECOUVERTE DE LA PENSEE CHINOISE, OUVERTURE SUR LE MONDE ET LA DIFFERENCE",ENCRE SAUVAGE,"faire partager cet attrait et cette soif de découverte de la pensée chinoise, procurer un lieu d'échanges, de rencontres et d'apprentissages autour de cette culture, et de la pratique de diverses disciplines taoïstes, créatives et énergétiques, de manière régulière ou tout à fait ponctuelle ; la calligraphie et l'étude des idéogrammes en seront l'emblème, jouer le rôle de centre culturel, artistique, créatif et énergétique ; proposer des interventions en milieu scolaire (écoles élémentaires et collèges) et culturel (centres culturels, bibliothèques, médiathèques, Maisons pour tous) ; faciliter l'achat groupé de matériel spécifique lié à la pratique des disciplines proposées, organiser conférences et expositions sur la culture chinoise ; pouvoir proposer des oeuvres à la vente lors de ces expositions ; faciliter les échanges, les correspondances, les voyages, par extension, permettre de s'ouvrir aux cultures, rites et traditions, du monde entier et ainsi de s'ouvrir aux autres",Cournonsec,6 RUE DU TEMPLE,34660.0,http://encre-sauvage.creakaz.net
2016-04-29,FÉDÉRATION NATIONALE DES ÉTUDIANTS EN MÉDECINE CHINOISE,FNEMC,"recenser, réunir et fédérer les étudiants en médecine chinoise et associations d'étudiants existantes ; veiller à la défense des droits et intérêts moraux, tant collectifs qu'individuels, des étudiants en médecine chinoise et de les représenter ; concourir à recenser les besoins et aspirations des adhérents pour les relayer auprès des autorités compétentes et autres organismes représentatifs ; participer activement à l'harmonisation des standards de formation en médecine chinoise, dans le respect des spécificités des différentes écoles, notamment par sa collaboration avec le Conseil Académique Français de la Médecine Chinoise, le Conseil Déontologique de la Médecine Chinoise et le Syndicat Français de la Médecine Chinoise ; faciliter par tous les moyens possibles l'instruction professionnelle de ses membres ; participer à l'organisation d'échanges entre étudiants français et étranger ; en collaboration avec le Syndicat Français de la Médecine Chinoise, d'organiser et de coordonner les stages cliniques en cabinets libéraux et en milieu hospitalier ; oeuvrer à l'obtention de diplômes français reconnus, puis à l'obtention d'équivalences internationales ; être un acteur à part entière de la vie étudiante des écoles ; établir des liens de solidarité entre ses membres ; entretenir de bons rapports avec les autres organisations professionnelles, fédérations et syndicats professionnels ayant le même idéal qu'elle, afin d'assurer l'avenir de la médecine chinoise en France ; promouvoir et fédérer les initiatives des étudiants en médecine chinoise dans les domaines associatif, de la santé globale, de la solidarité, et de l'éducation à la santé ; promouvoir l'égalité des chances tout au long des études et d'y concourir par toutes ses actions",Montpellier,1  RUE DU CLOS RENE,34000.0,http://www.fnemc.fr
2017-12-11,MEI HUA ZHUANG MHZ LUNEL,MEI HUA ZHUANG MHZ LUNEL,"cette association a pour objet; l'étude, la pratique, la promotion et le développement de l'enseignement traditionnel des maîtres chinois de Mei Hua Zhuang (MHZ), tel qu'il a été transmis au fil des siècles; l'association pourra proposer une petite restauration et buvette dans le cadre de diverses rencontres",Lunel,AVENUE DU CENTURION,30240.0,http://www.meihuazhuang.org/
2018-03-06,ACCOMPAGNEMENT BIENVEILLANT INTELLECTUEL ET LINGUISTIQUE,ABIL,"regrouper et porter les professionnels du milieu de l'enseignement et de la recherche, en particulier franco-chinois, qui fournissent des services d'accompagnement et de formation en complément du milieu académique",Montpellier,33  IMPASSE DE LA VOIE ROMAINE,34090.0,https://abil.frama.site
2018-05-24,YOGANANDA EVENTS,YOGANANDA EVENTS,"l'enseignement et la promotion du yoga et de toutes disciplines dérivées du yoga, la méditation de pleine conscience, le pranayama (techniques respiratoires), le chant védique, l'art de vivre, la philosophie et les valeurs du yoga, et de la yoga thérapie, ainsi que d'autres pratiques et disciplines ancestrales comme l'ayurvéda, la médecine chinoise, et des pratiques axées sur le bien-être, le développement personnel, la santé, l'environnement et le lien social et culturel, comme la sophrologie, lacupuncture, réflexothérapie, la litho thérapie, l'art thérapie, la permaculture, etc, sous forme de cours, stages, ateliers, workshops, conférences, retraites, séminaires, festivals, voyages en France comme à l'international, pour tout public, particuliers, associations, entreprises, écoles et établissements d'enseignements et de santé",Marseillan,2 Place du général Guillaut,34340.0,http://www.yogananda-lilou.com/events/
2019-08-01,SENSATIONS PILATES & BIEN-ÊTRE,SENSATIONS PILATES,"sensations Pilates & Bien-être propose de pratiquer la méthode STOTT Pilates (sur tapis, machine, ;  ;  ; ) et toutes autres techniques visant au bien-être global de chaque individu ;",Jacou,AVENUE DE VENDARGUES,34830.0,http://www.sensationspilates.fr
2023-10-09,OCSIGGRAPH,OCSIGGRAPH,"rassembler et mobiliser une communauté diverse et engagée de professionnels, d'académiciens, d'institutions, d'artistes, d'écoles, d'étudiants et d'enthousiastes passionnés par l'exploration, la promotion et l'avancement de la convergence entre l'art, la science et la technologie dans le domaine de l'informatique graphique (ou image numérique 2D ou 3D) et des expériences interactives ; encourager l'échange multidisciplinaire et la collaboration entre les domaines scientifiques, créatifs et appliqués, pour enrichir notre compréhension des interactions entre l'humain et la machine dans un monde en constante évolution",Montpellier,14  RUE DE LOUVAIN,34000.0,http://ocsiggraph.org
2025-06-19,MINGMEN ENERGETIK,MINGMEN ENERGETIK - ARTS DU TAO,"organiser des cours de Qi Gong hebdomadaires et des stages thématiques ; favoriser tout enseignement susceptible de mieux faire comprendre les aspects pratiques, thérapeutiques, philosophiques et traditionnel du Qi Gong et des techniques énergétiques taoïstes ; 
promouvoir, défendre et préserver la qualité de la pratique et de l'enseignement des Arts Classiques du Tao ; 
promouvoir l'épanouissement des pratiquants des Arts Classiques du Tao ; 
mettre en place des animations, des conférences, des ateliers, des manifestations ou projets ponctuels propres à améliorer la qualité de vie et le bien-être ; 
créer des liens avec la Chine de façon à pouvoir proposer des stages pratiques",Cournonsec,16  RUE DES ECOLES,34660.0,https://mingmen.wixsite.com/medecinechinoise
2021-02-22,L'ATELIER ZIPMACHINE,ZIPMACHINE,"réaliser différentes activités de soutien au spectacle vivant ; assurer des prestations de services techniques dans le secteur du spectacle vivant et/ou de l'audiovisuel ; construire et monter des décors, structures, installations sonores ou lumineuses, créer des costumes et accessoires de spectacle, créer de la scénographie ; produire et organiser des spectacles ou des évènements",Langon,1 B LA GARE,35660,https://zipmachine.fr/
2022-09-11,TERRE VAGABONDE,TERRE VAGABONDE,"étudier et pratiquer du yoga selon la tradition de l'Inde et du Cachemire ainsi que l'étude et la pratique des soins traditionnels* qui permettent le maintien de l'équilibre fondamental de la personne et de son environnement et le respect de la nature ; L'enseignement et le développement de toute pratique qui tend à améliorer la qualité de la vie sous toutes ses formes ;  (*Ayurveda en Inde, médecine chinoise et tibétaine, école du toucher aborigène, méthodes ancestrales des peuples autochtones ; ) 
Pour ce faire l'association :	Peut organiser des séminaires et des voyages en France et à l'étranger dans le plus grand respect du vivant, des peuples autochtones et particulièrement des femmes, de l'écologie et de la nature ; Peut organiser des séminaires de formation et de recherche en lien avec son objet ; Peut développer tous les moyens annexes et connexes qui permettent la réalisation du but de l'association ; L'association est laïque, sans objectif politique, syndical ou religieux ;",Lassy,62   LA LANDE DE BAS,35580,http://www.terrevagabonde.com/
1981-06-23,ASSOCIATION BRETONNE DE TAI CHI CHUAN ET DISCIPLINES INTERNES (ABTCC),ASSOCIATION BRETONNE DE TAI CHI CHUAN,"promouvoir le Tai Chi Chuan, le Bagua Zhang, le Yi Quan et de manière générale les arts martiaux chinois ainsi que les pratiques énergétiques qui leur sont associées (qi gong)",Rennes,7 rue de l'Ile Verte,35114,https://abtcc.fr/
2025-07-30,DAO XING SHE,DAO XING SHE,préserver et transmettre des arts martiaux traditionnels d'origine chinoise,Rennes,63  RUE DES POMMIERS,35520,https://daoxingshe.wixsite.com/accueil
2025-07-07,SHUN WU TANG BRANCHE LANGEAIS,SHUN WU TANG BRANCHE LANGEAIS,"représenter le style de gong fu de l'école shun wu tang à langeais ; promouvoir les valeurs et la tradition de l'enseignement du grand maître de l'école shun wu tang de taïwan ; approfondir les connaissances de ses membres sur le système familial shun wu tang, ainsi que sur la culture, la philosophie et les arts martiaux chinois ; gérer et organiser les manifestations ou étapes de perfectionnement aux niveaux régionaux",Langeais,5  RUE ANDRÉ MALRAUX,37130,https://shunwutang.fr
1993-07-23,ASSOCIATION NATIONALE DES COLLECTIONNEURS DE MACHINES A ECRIRE ET A CALCULER MECANIQUES,ASSOCIATION NATIONALE DES COLLECTIO...,"Faire connaitre au public l'art et l'histoire de la technique ancienne, de sauvegarder des machines du passe, de susciter de nouvelles vocations de collectionneurs, d'instaurer des relations",Orléans,30 RUE DU 11 NOVEMBRE,43100,http://www.ancmeca.org/
2013-07-15,CENTRE D'ACCUEIL DES ETUDIANTS CHINOIS,CADEC,"aide aux services administratifs; recherche d'écoles de langue et facultés; accueil, organisation d'ordre général et particulier : hébergement, vie quotidienne, stage, travail; échange culturel: repas franco-chinois, visites",Tours,19  rue Sainte Radegonde,37100,www.asso-cadec.org
2017-04-25,MANDARIN CONSULTING,MANDARIN CONSULTING,"faciliter des échanges, des conseils et  des études et des métiers de l'événement entre la France et la Chine",Ballan-Miré,,37510,http://mandarinconsulting.fr
2020-11-01,"AYNI, TIERRA VERDE",ATV,"uvrer en faveur de la préservation, sinon la guérison de la terre, dans le respect du principe d'ayni, toute action de l'association doit permettre d'aller dans le sens d'une meilleure harmonie entre l'humain et l'environnement, en honorant au maximum la terre et ses écosystèmes, les bénévoles de l'association uvrant en conscience pour la protection de la terre, leurs actions pourront prendre des formes variées promotion de la géobiologie et de l'art du sourcier, actions de sensibilisation de la fragilité et de la richesse de notre terre (ateliers, stages, ballades, animations nature), actions éco-responsables, en faveur d'une guérison ou fertilisation de la nature, sensibilisation à la connaissance des plantes médicinales",Bléré,"19, rue Saint-Julien",37150,www.ayni-aufildeleau.com
2021-10-15,ÉTUDE DE LA BOXE CHINOISE WING CHUN,EBC WING CHUN,"étude, enseignement, pratique et promotion de la boxe chinoise wing chun et autres arts associés. Elle organise des cours, stages, ateliers, rencontres, conférences et animations pour promouvoir ses activités de loisirs ou de compétition",Chinon,1 RUE DE LA LAMPROIE,37500,https://www.ebcwingchun.fr
2023-11-30,ASSOCIATION FRANCO CHINOISE ÉCHANGE SPORT (AFCES),AFCES,promouvoir le sport à travers les échanges sportifs entre la france et la chine,Ballan-Miré,6  square Jean Mermoz,37510,www.association-franco-chinoise-echange-sport.jimdosite.com
2020-03-12,LIGUEIL TAI CHI ET ARTS MARTIAUX CHINOIS INTERNES,LIGUEIL TAI CHI,promouvoir les arts martiaux chinois internes du style Li,Ligueil,14  RUE BALTHAZAR BESNARD,37240,http://taichi-ligueil.fr
1980-11-17,NSIGMA,NSIGMA,"compléter et prolongerle formation théorique de ses membres par la réalisation pratique d'études informatiques et mathématiques en liaison avec des entreprises concernées par la formation dispensée dans l'école nationale supérieure d'Informatique et de Mathématiques Appliqués de Grenoble (ENSIMAG), que ce soit des grandes entreprises, de jeunes créateurs d'entreprise ou des laboratoires travaillant dans le domaine de l'Informatique ; ses domaines de compétence sont directement liés aux enseignements de l'Ensimag et sont : développement web, développement logiciels, systèmes et réseaux, mathématiques & modélisation, analyses statistiques, automatique, interface Homme-Machine, sécurité informatique, ingénierie financière, recherche opérationnelle, télécommunications et systèmes embarqués, traduction de documents techniques",Saint-Martin-d'Hères,17 RUE AMEDÉE MOREL,38000,www.nsigma.fr
1997-09-11,UNION FRANCAISE DES PROFESSIONNELS DE MEDECINE TRADITIONNELLE CHINOISE,UNION FRANCAISE DES PROFESSIONNELS ...,promouvoir la medecine traditionnelle chinoise representer et defendre les interets des professionnels de la medecine traditionnelle chinoise,Grenoble,933 RUE DE LA SERRE,31800,https://www.ufpmtc.fr
1997-09-22,TAIJIQUAN DAOYING QIGONG KUNGFU WHUSHU ASSOCIATION (T.D.K.A.),T.D.K.A.,"promouivoir l'enseignement des arts martiaux chinois, préserver une qualité d'enseignement en accord avec les principes traditionnels de la pratique des arts chinois",Voreppe,32 ALLEE DU GRAND CHAMP,38340,http://tdka.fr/
1972-04-05,UNION D'ASSOCIATIONS SEYSSINOISES,UNION D'ASSOCIATIONS SEYSSINOISES,"rassembler et aider toutes les associations culturelles, éducatives, sportives et sociales animées d'un esprit laïque et favoriser leur développement et leur action",Seyssins,8 rue Joseph Moutin,38180,www.uasseyssins.com
1990-09-07,GRENOBLE UNIVERSITE CLUB - JUDO CLUB DE GRENOBLE (GUC-JCG),GUC-JCG,"promouvoir le développement personnel au travers d'activités physiques et sportives, en particulier mais pas exclusivement, des arts martiaux japonais (judo, jujitsu, taïso et les disciplines associées, aikido) , chinois (wu-hu, tai chi chuan, qi-gong, kung-fu et les disciplines associées) et l'éveil psychocorporel",Grenoble,16 RUE JOYA,38000,http://guc-jcg.com
2007-02-26,LA VOIE DE L'HARMONIE,LA VOIE DE L'HARMONIE,"transmettre et promouvoir la pratique de techniques traditionnelles chinoises ou japonaises (Qi Gong, Tai Chi), dans la recherche de l'harmonie individuelle, par la mise en place de cours, ateliers, stages et tous moyens pouvant aider à la réalisation de son objet, organiser des rencontres, animations et l'accueil d'intervenants qualifiés",Moirans,7 ALLÉE DE SAVOIE,38430,http://lavoiedelharmonie.free.fr
2013-07-20,GRENOBOT,GRENOBOT,développer des robots et des machines de production nécessaires au développement du robot afin de participer à des compétitions de robotique ou d'organiser des compétitions et des ateliers,Villard-Bonnot,6  rue des Allobroges,38190,http://grenobot.forumactif.com/
2014-03-27,UNION DES CHERCHEURS ET DES ETUDIANTS CHINOIS EN FRANCE (UCECF) L'UCECF -SECTION GRENOBLE,UCECF,"étant la seule organisation des chinois qui est spécifiquement composée de chercheurs et d'étudiants en France , l'UCECF est la deuxième plus grande organisation des chinois en Europe et la plus grande en France, sous l'orientation du service de l'éducation de l'ambassade de Chine en France et du consulat général de Chine à Lyon et sous la coordination de l'UCECF ; constituer une passerelle entre l'ambassade, le consulat et la grande majorité des chercheurs, des étudiants chinois à Grenoble ; a pour mission d'aider les étudiants et les chercheurs chinois dans leurs études et leur vie ; organiser des activités culturelles, sportives, académiques, professionnelles pour toute personne qui s'intéresse à la Chine et à la culture chinoise",Grenoble,2 ter  rue Docteur Calmette,38000,www.ucef-grenoble.com
1991-06-26,ASSOCIATION LE PANDA DE L'ISERE (A.L.P.I.),A.L.P.I.,entraide et échanges culturels entre français et asiatiaques de langue chinoise résidant dans l'Isère,Grenoble,1 PLACE DE LA COMMUNE,38130,http://asso.alpi.free.fr/
2014-09-23,ACADÉMIE QI GONG DAO SHAN,AQG DAO SHAN,"pratique, enseignement, promotion d'activités sportives : tai chi chuan, qi gnog, kung fu, ainsi que tout autre art martial ou énergétique chinois et tout art asiatique, le développement dans le cadre de projets mis en place par des structures éducatives, pédagogiques, ressources humaines et la pratique, le développement, la formation de la médecine traditionnelle chinoise",Grenoble,51 RUE GUYNEMER,38000,http://academieqigong.com/
2015-06-09,"LA SALLE DES MACHINES, ATELIER CREATIF",SA SALLE DES MACHINES,"créer, gérer et développer un atelier créatif",Le Sappey-en-Chartreuse,lieu-dit Giroudon,38700,http://www.atelierdusappey.fr/
2015-06-20,ACADEMIE QI GONG,ACADEMIE QI GONG,"l'enseignement des arts martiaux chinois externe, interne, énergétique (Wushu, Kung-Fu, Tai Chi Chuan, Gi Gong) et de la culture chinoise (langue, calligraphie, cuisine, tradition) ; l'organisation de rencontres, compétitions, galas, spectacles, de stages de formation et de perfectionnement, des formations qualifiantes et de toutes actions sportives et culturelles liées à la culture chinoise et aux arts martiaux chinois",Saint-Martin-d'Hères,51 RUE GUYNEMER,38100,http://www.academieqigong.com
2019-06-13,GROUPEMENT DES RÉFLEXOLOGUES ENERGÉTIQUE CHINOISE (GREC),GREC,"promouvoir le mieux-être et la santé à travers la réflexologie et l'énergétique chinoise ; favoriser l'exercice des Réflexologues Energétique Chinoise formés au Centre Mireille Meunier ; promouvoir le métier de Réflexologue et être garant de qualité et du sérieux du métier de Réflexologue ; favoriser son insertion dans des milieux spécifiques : Entreprise, EHPAD, Hôpitaux, Crèches, Ecoles, Clubs et Association sportives, Oncologie, etc ; favoriser l'harmonie et l'équilibre à travers l'énergétique chinoise
Réaliser, participer ou soutenir des études ou des projets humanitaires, innovants, ou tout autre projet ; trouver des subventions et des fonds pour financer des études ou des projets humanitaires, innovants, ou tout autre projet",Saint-Marcellin,15  RUE GALILEE,38160,https://www.recherche-reflexologie.org/
2023-02-14,PANDAHAN,PANDAHAN,"cette association a pour objet de promouvoir la langue et la culture chinoise en france ; l'association propose des cours individuels;collectifs et des stages intensifs ; elle organisera également des animations, visites, échanges culturels, découvertes et créations autour de la langue et la culture",Voiron,5  RUE ALPHONSE BOUFFARD R,38500,https://www.pandahan.fr/
2023-07-30,QI GONG IMPULSION,QI GONG IMPULSION,"proposer une orientation de bien-être et de santé à travers la pratique du qi gong ;c'est une gymnastique énergétique d'origine chinoise, accessible à tous, qui permet de faire circuler notre énergie interne correctement, de stimuler son action sur les fonctions de nos organes ; mais aussi d'apporter progressivement souplesse, et puis renforcement musculaire et articulaire en douceur ; 
la respiration synchronisée aux mouvements joue un rôle pour réguler le rythme cardiaque et calmer le mental ;",Noyarey,570  CHEMIN DU MOULIN,38360,https://qigongimpulsion.wixsite.com/qi-gong-impulsion
2023-09-02,SMAOLAB,SMAOLAB,cette association a pour objet de faire la promotion et le développement de pratiques musicales orientées ; musiques électroniques  ; faciliter l'accès à ses adhérents aux différentes initiatives organisées tel que des rassemblements festifs autour de la création musicale assisté par des machines et ou des ordinateurs  ; favoriser la collaboration entre les membres de l'association et les différents organismes acteurs dans le domaine ; proposer des outils numériques et ou hardware; à toute personne intéressée par le sujet afin de lui faciliter la création musical ;,Sure en Chartreuse,725  ROUTE DES BARNIERS,38340,https://smaolab.org/
2008-09-24,TAI CHI CHUAN LES CHEMINS DE SOIE,TAI CHI CHUAN LES CHEMINS DE SOIE,"promouvoir et développer les arts martiaux et énergétiques chinois en particulier le tai chi chuan, permettre à un maximum de personnes de profiter de leurs bienfaits, former les adhérents à ces arts et pratiques ; l'association s'interdit toute discrimination, veille au respect de ce principe et garantit la liberté de conscience pour chacun de ses membres ; l'association respecte les règles déontologiques du sport définies par le comité national olympique et sportif français ; l'association respecte les règles d'hygiène et de sécurité des activités dispensées ; l'association s'adresse à toutes les personnes majeures ou mineures désireuses de découvrir, pratiquer et approfondir ces arts en priorité sur le territoire de la communauté d'agglomération des portes de lIsère et plus largement sur tout le territoire français ; en dehors de son propre cadre, l'association n'est pas tenue pour responsable de l'utilisation faite par ses membres des connaissances acquises en son sein",Villefontaine,5 IMPASSE VICTOR HUGO,38090,https://www.cheminsdesoie.fr/
2009-11-05,SHEN WING CHUN,SHEN WING CHUN,"étude et transmission des arts martiaux, notamment du wing chun kuen (style de kung fu traditionnel du sud de la Chine) ainsi que la philosophie qui s'y rattache ; cours, stages et rencontres pour la pratique martiale ainsi qu'animations pour l'apprentissage et la découverte de la culture chinoise et ses traditions",Aix-les-Bains,9 AVENUE DU PETIT PORT,73100,http://www.shenwingchun.fr
2012-11-18,LA GUILDE DES LOUPS D'ALMYR,LES LOUPS D'ALMYR,"cette association a pour but l'enseignement et la pratique des arts et techniques liés à l'époque
du moyen age, ainsi que la pyrotechnie et l'organisation de spectacles historiques ou
fantastiques se rapportant à ce thème ; ceci implique le maniement d'armes anciennes (épées, haches, bâton, bouclier, arc) , pour l'apprentissage des combats mais aussi le maniement d'ustensiles plus classiques (ustensiles de cuisine, machine à coudre, machine à bois) pour la confection de repas, de vêtements ou de décor ; création et vente d'objets manufacturés en
lien avec le monde médiévale fantastique ;",Contamine-Sarzin,43 CHEMIN PELIRIN,74270,https://guildedesloupsdalmyr.wixsite.com/monsite
2019-07-17,INTERNATIONAL GUO STYLE WING CHUN AND TRADITIONAL KUNG FU ASSOCIATION,IGSWCTKFA,"aider à la pratique, l'enseignement et la diffusion du Wing Chun style Guo et des arts martiaux chinois traditionnels internes et externes incluant Jin Gang Li Gong Qi Gong, Baji Quan et Taiji ; Ses activités incluent mais ne sont pas limitées par la création et diffusion de contenu physique ou numérique (Livres, DVD, eBooks, vidéos  ) ainsi que l'organisation ou participation d'événements (stages, initiations, performances )",Riorges,261  RUE FRANCOIS MITTERRAND,42153.0,https://www.guostylewingchun.com/
2006-09-18,ASSOCIATION SPORTIVE DE MANSURIA KUNG-FU ( A.S.M.K.F. ),A.S.M.K.F.,Développer le kung fu mandchou en région Rhône Alpes et ainsi contibuer au développement de cet art martial traditionnel chinois en France (style peu répandu),Saint-Chamond,5  RUE du port sec,42400.0,www.askfm.fr
1946-03-25,FÉDÉRATION DÉPARTEMENTALE DES COOPÉRATIVES D'UTILISATION DE MATÉRIEL AGRICOLE EN COMMUN DE LA LOIRE,FDCUMA 42,"défendre les intérêts matériels et moraux des CUMA, régler tous différent pouvant intervenir entre les organisations d'adhérents, faire toute propagante favorable au CUMA, étudier les questions intéressants l'achat et l'utilisation en commun de machines agricoles, assurer la liaison des organismes, proposer la désignation des représentants, poursuivre tout objet légale qui permettrait de promouvoir la création de nouvelles coopératives d'utilisation de matériel agricole et de les aider",Saint-Priest-en-Jarez,5 BIS RUE JEAN ZAY,42270.0,http://www.cuma.fr/fiches/loire-federation-des-cuma
2020-07-02,ALLIANCE 3D,ALLIANCE 3D,"médiation numérique ; mise à disposition de locaux de formation équipés ; formation et la réparation de machines ; réparation / création de pièces ; prototypage de pièces ;
vente de fournitures",Rive-de-Gier,4  CHEMIN DU GRAND FELOIN,42800.0,https://alliance-3d.fr/
2008-04-21,LES AILES DE L'OUEST,LES AILES DE L'OUEST,"faire découvrir au grand public, et plus particulièrement aux jeunes afin de susciter des vocations vers les métiers de l'aéronautique, le vaste sujet de l'aéronautique et de ses métiers par : des actions pédagogiques auprès des plus jeunes (pilotes et/ou techniciens aéronautiques en devenir) et des moins jeunes, tout aussi passionnés d'aviation ; des manifestations aussi diverses que variées vers le public (expositions, forums, interventions ponctuelles etc) ; la préservation et l'exposition de matériels, de documentations, ou tout autre article appartenant à notre patrimoine aéronautique ; la préservation, avec la remise en état de vol le cas échéant, de machines volantes française ayant marquées l'histoire aéronautique nationale, et ponctuellement toutes autres machines volantes considérées comme remarquables",Ligné,119,44850,http://www.lesailesdelouest.fr
1986-06-27,ASSOCIATION ATLANTIQUE NANTES CHINE,ASSOCIATION ATLANTIQUE NANTES CHINE,"de réunir tous ceux et celles qui s'intéressent à la civilisation chinoise et aux réalités contemporaines du monde chinois ; favoriser une connaissance réciproque, dans le respect de la diversité culturelle",Nantes,6 PLACE DE LA MANU,44000,https://atlantique-nantes-chine.fr
2011-04-11,"HUAYUAN, JARDIN DE CHINE","HUAYUAN, JARDIN DE CHINE",faire découvrir la culture chinoise au public français,Nantes,6 ruelle aino aalto,44300,http://www.huayuan.fr
2015-07-19,SINOPIA PRODUCTIONS,SINOPIA,"création, développement, diffusion de toute manifestation d'expression créative et artistique en France et à l'étranger",Nantes,1  AVENUE DES JADES,44338,http://www.sinopia-productions.com
2016-09-04,SOCIAL GAMERS CLUB (SGC),SOCIAL GAMERS CLUB,"organiser des temps de rencontre, d'échanges et de pratiques autour du jeu vidéo, dans un but de sociabilisation des adhérents ; développer des machines jouables à partir de matériel récupéré ; organiser des temps forts grand public afin de médiatiser l'action du SGC, et agir sur des actions solidaires numériques ; offrir un espace d'expérimentation et de développement logiciel",Rezé,ALLÉE DE TOURAINE,44400,http://www.socialgamers.club/
2017-03-03,GUEULES DE BOIS,GUEULES DE BOIS,"proposer des alternatives à la consommation : l'association a pour objectif principal la fabrication par ses adhérent·es de réalisations en bois : ameublement, aménagement, décoration, jouets, etc ; l'association promeut également la rénovation et la récupération (upcycling) de pièces (meubles) et matériaux (palettes, bois de récupération) en fin de vie ; l'association mutualise les outils et machines utilisées par les adhérent·es pour favoriser l'accès au travail du bois et éviter les achats redondants de matériel ; valoriser le faire soi-même et l'artisanat : l'association valorise le fait de fabriquer soi-même les choses du quotidien, en particulier les meubles, la décoration, et l'aménagement de son logement ; l'association entend valoriser l'artisanat et le travail des artisans en sensibilisant ses adhérent·es au travers de rencontres, cours, ou stages ; créer une communauté : l'association souhaite encourager le partage et l'échange entre adhérent·es à tous les niveaux : matériaux, conseils, savoirs, etc ; afin de créer une communauté de personnes rassemblées autour d'intérêts communs ; l'association veille à entretenir un esprit convivial, inclusif et positif dans les activités et la vie associative ; l'association tend à rompre l'isolement et favoriser les échanges entre les habitant·es grâce à la mixité socioprofessionnelle et générationnelle",Nantes,5 AVENUE GILARD,44200,https://gueulesdebois.fr/
2019-06-12,MISS MACHINE,MISS MACHINE,"encadrer matériellement et humainement les répétitions, représentations et productions du projet musical intitulé « Miss Machine »",Nantes,25 Q RUE FIRMIN COLAS,44100,http://miss-machine.com
2019-07-03,SHEN WING CHUN 44,SHEN WING CHUN 44,"transmettre et étudier les Arts Martiaux Chinois et autres disciplines affinitaires, ainsi que les philosophies et traditions thérapeutiques qui s'y rattachent",Orvault,13  RUE DES IRIS,44700,http://shenwingchun.fr/
2020-02-18,ASSOCIATION SINO-EUROPÉENNE D'ÉCHANGES TECHNOLOGIQUES ET ÉDUCATIFS,ASETE,favorisant les projets technologiques et éducatifs entre la Chine et l'Europe,Nantes,48 RUE HECTOR BELIOZ,44300,http://sinnovfr.com/
2021-01-19,IGEM NANTES,IGEM NANTES,"de gérer la participation annuelle des équipes de l'Université de Nantes à la compétition IGEM (International Genetically Engineered Machine) ; 
L'association a aussi un rôle de promotion de la biologie de synthèse à travers des campagnes de communication ; de plus l'association participera au rayonnement de la ville de Nantes à l'international, dans le thème de l'innovation scientifique",Nantes,2  RUE DE LA HOUSSINIÈRE,44300,https://2020.igem.org/Team:Nantes
2024-09-04,USJA KUNG-FU,USJA KF,"assurer la pratique, le développement et la promotion des disciplines, sous toutes les formes sportives ou traditionnelles, associées aux arts martiaux sino-vietnamiens internes et externes, au fitness de combat ainsi qu'au self-défense",Carquefou,14 RUE LOUIS ARMAND,44470,https://usjakungfu.fr
2004-07-21,AMITIE CHINE-MONTARGIS,AMITIE CHINE-MONTARGIS,"dans le sillage des grands dirigeants chinois pionniers de l'amitie france-chine ayant sejournes a montargis dans les annees 192o lors du mouvement etudiants ouvrier chinois en occident, favoriser et developper les relations amicales culturelles scie",Montargis,,45200.0,www.chinemontargis.fr
2008-06-16,KUNG-FU WUSHU ORLEANS,KUNG-FU WUSHU ORLEANS,"développer la pratique des arts martiaux et énergétiques chinois sous tous leurs aspects, ainsi que la culture chinoise qui les sous-tend",Orléans,25 RUE DES VARENNES,45650.0,https://www.kungfutaichi-orleans.com
2013-02-18,ORGANISATION NATIONALE DES ANCIENS COMBATTANTS ET RETRAITÉS ALGÉRIENS DE FRANCE - O.N.A.C-R.A.,ONACRA,"réunir les anciens combattants algériens des guerres 1914-1918, 1939-1945, d'Indochine, afin d'être informés et soutenus sur les problèmes de l'actualité ;  assurer leurs relations avec l'office départemental des anciens combattants en ce qui concerne les probables administratifs  et en particulier financer l'aide aux plus démunis ; défendre les intérêts des retraités algériens de France et pourvoir a la défense de leurs droits",Orléans,13 rue René Coty,45100.0,onacra.e-monsite.com
2020-04-25,TAI CHI CHUAN TAVERS,TAI CHI CHUAN TAVERS,"enseignement et pratique des arts martiaux et arts énergétiques chinois, au travers du Tai Chi Chuan, des Chi Cong, du Bagua, du Xing I, ainsi que la diffusion de la culture chinoise",Tavers,34  RUE DES EAUX BLEUES,45190.0,http://taichichuan-tavers.fr
2012-11-08,REVE DE ROULOTTE,REVE DE ROULOTTE,"promouvoir la connaissance de l'âne et du cheval ; de faire de l'écotourisme en proposant des balades en calèche ou des ânes batées ou toutes autres formes d'activité lié aux équidés ; ramassage scolaire, visites pédagogique à l'âsinerie, faire des séances de asinomédiation et enfin proposer des activités de pension pour ânes et chevaux ; tous cela contre rémunération adéquat stipulée dans le règlement intérieur",Cahors,1  LIEU-DIT LES SAINT-JEAN,46090.0,http://www.revederoulotte.fr
1946-08-01,UNION MOTOCYCLISTE DE L'AGENAIS ET DE L'ALBRET,U.M.A.A.,"rassembler les propriétaires de Moto et Vélo tout terrain intéressés à participer à des manifestations sportives ouvertes à ce type de véhicules ; développer et promouvoir ce sport et ses valeurs, le respect de la nature et de l'environnement, la sécurité à moto et à vélo, l'entraide, le dépassement de soi ; organiser des compétitions sportives, démonstrations, entraînements ou expositions où seront présentées ces machines",Montesquieu,90 ROUTE DE L'OLIVIER,47390.0,http://um.agenaise.free.fr
2017-03-08,COOP DU TILLEUL,COOP DU TILLEUL,"produire ou distribuer pour ses membres prioritairement des services de proximité ou des produits de producteurs ou d'artisans locaux ; Ces produits et services seront prioritairement locaux, sinon équitables, toujours écologiques ; Assurer leurs plus large distribution dans la perspective de mettre l'économie, la finance et le progrès technique au service de l'Homme et de la Nature ; Expérimenter de nouveaux modes d'échanges privilégiant la circulation des biens et des services fondamentaux accessibles à tous et veiller, particulièrement quand cela leur est possible, à former ses membres à produire par eux-mêmes ce dont ils ont besoin ; Étendre le champ de ses activités en rapport avec son but : formation, rencontres, expositions, conférences, manifestations culturelles, touristiques ou commerciales, bulletin de liaison, publications, achat et vente de biens et de services et plus largement toutes formes d'activités qui renforcent son but ;",Masquières,LARTEL,47370.0,http://www.coopdutilleul.fr
2019-07-14,LES AMIS DE LA MACHINE,LA MACHINE,"oRGANISER DES MANIFESTATIONS CULTURELLES ET TOURISTIQUES
CREER DES EVENEMENTS ARTISTIQUES ET MUSICAUX
GERER UN LIEU D HEBERGEMENT ET DE RESTAURATION
PROPOSER DES ATELIERS , DES CONFERENCES ET DES SOIREES DEBATS ;",Trémons,LALANDE HAUTE,47140.0,http://lamachine47.fr
2022-10-24,LA MACHINE,LA MACHINE,"organiser des manifestations culturelles, musicales et festives, accueillir des stages et résidences d'artistes, gérer des bâtiments d'accueil, gérer le bar associatif ;",Trémons,70  LIEU DIT PARTALOU,47140.0,https://www.lamachine47.fr
2014-01-29,ANGERS ASHTANGA YOGA,A.A.Y,"l'organisation d'activités sportives afin de permettre la diffusion d'un style de yoga appelé Ashtanga Accessible à tous et sans limite d'âge, l'Ashtanga a pour but d'apporter santé et bien-être la pratique du yoga dynamique, accompagnée de celle de Pilates et de certaines méthodes de médecine traditionnelle chinoise",Angers,13  rue Pierre Blandin,49000.0,https://sites.google.com/site/angersashtangayoga/
1973-01-05,AEROPLAGE CLUB CHERBOURG - HAGUE,AEROPLAGE CLUB CHERBOURG - HAGUE,développer la pratique de l'aéroplage dans les différentes formules agréees par la fédération nationale de char a voile ; étudier et réaliser de nouvelles machines.,Vauville,205 RUE DES EGUILLONS,50440,http://acchvauville.fr
2022-11-22,BULLES DE CHINE - ASSOCIATION FRANCO-CHINOISE DE DÉCOUVERTE DE LA CULTURE CHINOISE ET DES ARTS TRADITIONNELS CHINOIS.,BULLES DE CHINE,"faire découvrir aux adhérents les arts culturels et traditionnels chinois, qu'ils soient dans le domaine des arts culinaires, des arts graphiques, des arts linguistiques, des voyages, du sport ou de la médecine douce par le biais d'ateliers culturels ou de conférences organisés sur l'agglomération châlonnaise ;",Fagnières,5  RUE DU 355E RGT D INFAN,51510,https://eileen-0915.wixsite.com/bullesdechine
2020-10-02,ASHRAM GURU YONITZER,AGY,"organisation de séances de méditation collectives  ; découverte, transmission et pratique des méditations, dont, en particulier les méditations taoïstes et encore plus particulièrement celles relatives à l'alchimie interne, et aussi les méditations tantriques d'Osho   ; 
découverte et transmission des moyens et des pratiques de soin et thérapeutiques mettant en uvre la méditation, dont la lithothérapie, le reiki, le magnétisme, le qi gong, les massages  ; découverte, transmission et pratique des arts énergétiques, en particulier les arts énergétiques internes chinois (qi gong, tai chi chuan) , mais aussi Reiki, magnétisme, arts martiaux et sports mettant en uvre la méditation ; découverte, transmission et pratique de toutes les disciplines relatives au développement personnel, dont la PNL, l'analyse transactionnelle, l'hypnose, la sophrologie ; découverte, transmission et pratique de toutes les disciplines relatives au développement spirituel, dont le yoga, le tantra ; Opérations, cours, stages, formations, réunions, conférences, publications, et activités économiques pouvant se rattacher directement ou indirectement à l'objet social ou à tout objet similaire ou connexe ;",Doulaincourt-Saucourt,1  RUE DE BENNE,52270,http://ashramguruyonitzer.wixsite.com/guruyonitzer
2011-05-11,SILLY MACHINES,SILLY MACHINES,vente en ligne de vêtements et accessoires dont une partie des bénéfices sera reversé e à une association ; le reste des fonds servant à maintenir le site et au renouvellement des stocks,Laval,57  rue des Merceries,53000.0,www.sillymachines.fr
2014-04-24,ASSOCIATION CHANTEHEUX INFORMATIQUE,ACI,"permettre l'initiation aux techniques informatiques, aux technologies nouvelles et à la diffusion de ces techniques au plus grand nombre; elle a également pour objectif de récupérer des ordinateurs auprès des entreprises, des administrations et des particuliers (PC type P3, P4 ou plus, écrans, UC, disques durs, lecteurs CDROM, imprimantes laser, etc); nous vérifions et reconfigurons ces machines, puis nous les redistribuons prioritairement et gratuitement aux Cantenois ayant des ressources très limités et/ou en réinsertion professionnelle; chaque dossier sera étudié et validé par le conseil d'administration ou par les membres de la commission concernée; nous assurons une maintenance des machines sur demande (l'obligation d'être membre de l'association est ou sera requise pour bénéficier des deux précédentes prestations)",Chanteheux,15 E rue des Colombes,54300,chanteheuxinformatique.wordpress.com
2007-12-11,"FÉDÉRATION FRANÇAISE DE KICKBOXING, MUAYTHAI ET DISCIPLINES ASSOCIÉES (FFKMDA)",(FFKMDA),"1 ; 1 - l'association dite « fédération française de kickboxing, muaythai et disciplines associées (ffkmda) » (anciennement dénommée ffscda) , a pour objet d'organiser, d'enseigner, de développer, de promouvoir et d'encadrer la pratique, sur l'ensemble du territoire national et des départements et territoires d'outre-mer, des disciplines suivantes : 1° kickboxing : k1 rules, low kick, full contact, k1 rules light, kick light, light contact, point fighting, musical forms et disciplines assimilées : aérokick, boxe américaine, 2° muaythai - boxe thaï et disciplines assimilées : thaï boxing, muay boran, krabi krabang boxe khmère, 3° pancrace, submission et discipline assimilée : lutte-contact, 4° disciplines associées : contact défense, bando-boxe birmane, chauss'fight, sanda boxe chinoise, ainsi, que toutes les disciplines de boxe associant les techniques pieds-poings, la percussion, la projection, l'immobilisation et la soumission ; la ffkmda a pour objectif l'accès de toutes et tous à la pratique des activités physiques et sportives précitées ; elle s'interdit toute forme de discrimination et veille au respect de ces principes par ses membres",Bagnolet,38 RUE MALMAISON,93170,http://www.ffkmda.fr
2012-03-26,JEAN-CHRISTOPHE MASSINON,ASSOCIATION JEAN-CHRISTOPHE MASSINON,"participer à la conservation et à la diffusion de l'oeuvre de l'artiste Jean-Christophe Massinon, en collaboration avec les ayants-droit de ce dernier, à savoir sa fille Julia Massinon ; l'association est centrée sur l'oeuvre de Jean-Christophe Massinon et les documents relatifs à celle-ci réalisés durant son vivant ; cette ""matière artistique"" est propriété de son héritière, sa fille Julia Massinon ; son utilisation est donc soumise à autorisation ; l'association agit au travers de : la communication, la diffusion, la réalisation et publication d'ouvrages, les expositions, la réactivation de performances, interventions et installations ""in situ"", la post-production d'oeuvre, la production et la diffusion de multiples, un site Web et des outils de communication en ligne",Maxéville,23 rue de la Ravinelle,54000,www.jcmassinon.com
2014-03-03,HUNG GAR NANCY,HUNG GAR NANCY,"pratique et enseignement des arts martiaux chinois et des disciplines associées ; promouvoir et coordonner toutes initiatives utiles en faveur du développement de la culture traditionnelle chinoise, notamment en organisant ou participant à toute manifestation culturelle, médiatique ou humanitaire relative à la culture traditionnelle chinoise",Nancy,36 PLACE DES VOSGES,54000,www.hunggar-nancy.fr
2014-08-11,LOCAJEUX,LOCAJEUX,"faire redécouvrir les anciens jeux de kermesses, d'estaminets, de casinos et des jeux de société non classiques au grand public, collectivités locales, écoles, associations, comités d'entreprises, entreprises et divers ; soit par le biais de stands ou expositions, soit par l'intermédiaire d'une location de ses jeux avec une éventuelle animation de ceux-ci ; soit par la participation ou l'organisation d'événementielles diverses (sportifs ou culturels), kermesses, événements familiaux divers, rencontres et ou échanges sportifs ou culturels, etc ; la sauvegarde de ces jeux anciens en les rénovant et les mettant à disposition du grand public, pour leur donner une nouvelle vie pérenne ; développer l'éveil ludique et la cohésion sociale par le jeu chez l'adulte et l'enfant ; développer les relations inter générationnelles grâce à des rencontres entre joueurs de tous âges",Heillecourt,2  avenue Emile Haquin,54180,www.locajeux.net
2019-01-30,L'INCUBATEUR LORITZ'LABS,FABLAB LORITZ,"a la charge du FabLab du lycée Henri Loritz de Nancy ; elle a pour principe le partage libre d'espaces, de machines, de compétences et de savoirs, en accord avec la charte mondiale des FabLab, pour la réalisation de (presque) n'importe quel objet ; elle est au service des élèves et du personnel du lycée mais également aux personnes extérieures, parents, professionnels ou particuliers",Nancy,56 rue Louis Pasteur,54000,http://www4.ac-nancy-metz.fr/lyc-loritz/
2020-10-27,CERCLE CHINOIS D'ACTIVITÉS ARTISTIQUES ET CULTURELLES,CERCLE CHINOIS,"activités artistiques, culturelles, linguistiques autour de la Chine, en direction des enfants et des adultes",Vandoeuvre-lès-Nancy,36  RUE ALBERT 1ER,54500,https://cercle-chinois.com
2022-02-10,HANOHOST HÉBERGEMENT,HANOHOST HÉBERGEMENT,service d'hébergement de machines virtuelles,Marbache,41  RUE DE RENEVAUX,54570,https://hanohost.fr
2010-02-26,QI-NERGIE QI GONG,"CORPS ET SOUFFLES, QI GONG","promouvoir, soutenir et protéger la pratique et l'enseignement du Qi Gong et de toutes les autres pratiques énergétiques internes non sportives et non martiales issues de la tradition chinoise",Bar-le-Duc,64 rue Jean bernard,55000.0,http:/www.corpsetsouffles.org
2015-03-11,ORGANISME DE FORMATION POUR ADULTES EN MEUSE VOUS FORME,O.F.A.M. FORM,"développer la formation continue des adultes dans la conduite des engins de levage, manutention, travaux de chantier dans leur globalité ainsi que toutes activités en lien avec la sécurité individuelle et collective des personnes concernées par l'utilisation professionnelle de ces machines",Labeuville,avenue Ferme de La Bertaucour,55160.0,www.ofam.fr
2017-07-16,VIKING'S WORLD,VIKINGS WORLD,"proposer à des joueurs un serveur de jeu vidéo Minecraft en ligne, proposant plusieurs modes de jeu, un serveur de ""chat"" vocal, un forum, ainsi qu'un site Web ; l'accès y est gratuit, sous réserver de posséder un compte minecraft.net légal, néanmoins certains contenus et avantages peuvent être achetés par les joueurs,  dans le but d'aider au financement des machines dédiées au serveur",Pontivy,5 rue du Hameau,56300.0,http://vikingsworld.fr
2022-05-12,ELEXYR22,ELEXYR22,"rencontrer des personnes virtuellement, hébergement de machine informatique et organisation d'évènement en rapport avec les jeux vidéos",Pontivy,18  RUE JEAN MOULIN,56300.0,https://elexyr22.fr/
2014-08-18,BATUCADA DES  MACHINE'S PERCU,BATUCADA,promouvoir la pratique et la diffusion de la musique instrumentale populaire,Sougy-sur-Loire,2   MASSONNATS,58300.0,http://machinespercu.fr
2023-04-05,"MONTBLANC BUSINESS SCHOOL - ÉTABLISSEMENT INTERNATIONAL DE L'ENSEIGNEMENT SUPÉRIEUR, DE LA RECHERCHE ET DE L'INNOVATION",MONTBLANC BUSINESS SCHOOL,"montblanc Business School est une Institution libre et international qui est une École de Gouvernance et d'Economie « EGE » franco-americaine intégrée en tant que Faculté de Gouvernance, Sciences économiques et sociales aux ministères de l'Enseignement supérieur, de la Recherche et de l'Innovation (MESRI) ; Montblanc Business School a pour objectif de promouvoir la formation, l'enseignement et la recherche pluridisciplinaire dans les domaines des sciences de gestion et des sciences humaines et sociales en général, dans le but de former des professionnels compétents, responsables et engagés dans le développement économique, pilotique, sociétal et social ; 
La formation dispensée repose sur un enseignement pluridisciplinaire en science politique, en économie, en sciences sociales, sciences de gestion, en droit et en histoire ; Les cours sont dispensés en plusieurs langues : en français (langue principale) , anglais et arabe, mais aussi en espagnol, allemand et chinois (mandarins) ; Plusieurs langues peuvent s'ajouter à la liste ; Montblanc Business School est une institution sélective qui a instauré un système de recrutement au mérite ; Soucieuse de diversifier au maximum le profil de ses lauréats tant dans leur origine géographique qu'en termes de conditions socio-économiques, elle pratique une politique active de bourse d'excellence avec une composante sociale ; 
Montblanc Business School a pour objet de : 
Gérer et développer des programmes d'enseignement supérieur et de recherche scientifique en France et à l'international, y compris les programmes LMD, licence (Bachelor) , master, mastere, MBA (Master of Business Administration) , licence professionelle, master professionel, Executive MBA, doctorat, DBA, Doctorate in Business Administration, Executive DBA, PhD, Executive PhD, ainsi que les certifications académiques et professionnelles ; 
Favoriser l'accès à l'éducation pour tous, en développant des actions de solidarité et d'inclusion, en France et à l'international ; 
Encourager la création d'entreprises innovantes et durables, en offrant des ressources, des conseils et un accompagnement adapté aux besoins des entrepreneurs ; 
Contribuer à la transformation de l'économie vers un modèle plus responsable et éthique, en mettant l'accent sur les enjeux environnementaux, sociaux et de gouvernance ; 
Créer des filiales, succursales ou représentations en France et à l'étranger, et participer à toutes manifestations, organisations ou associations poursuivant des buts similaires ou connexes à ceux de l'association ; 
Établir des partenariats avec des universités et des écoles dans le monde entier afin de promouvoir la coopération internationale et la recherche interdisciplinaire ; 
Doter d'une école doctorale de recherche dans les domaines des sciences de gestion et des sciences humaines et sociales, en vue de favoriser la recherche de pointe et d'encourager la production de connaissances innovantes et utiles pour la société ; Cette école doctorale offrira des programmes de formation pos sur les doctorants, en mettant l'accent sur la méthodologie de recherche, la rédaction de publications scientifiques et la diffusion des résultats de la recherche ; Elle encouragera également la collaboration avec des partenaires académiques",Varennes-Vauzelles,51  AVENUE LOUIS-FOUCHÈRE,58640.0,https://montblanc-bs.com
2005-04-08,ZIC MACHINE,ZIC MACHINE,"permettre à de jeunes talents musiciens amateurs, de présenter leur musique personnelle, en mettant à leur disposition des espaces internet accueillant leurs oeuvres, et la création d'une web radio, diffusant légalement la musique des membres de cette association, dans le but de promouvoir ces artistes",Auby,45  Rue Voltaire,59950,www.zic-machine.com
2014-05-20,TOUS SINOIS,TOUS SINOIS,mettre en place des animations culturelles et festives,Sin-le-Noble,133 AVENUE DU MARÉCHAL LECLERC,59450,http://tous-sinois.e-monsite.com
2011-08-30,ASSOCIATION DES FAMILLES FRANCO-CHINOISES DE PÉKIN,AFFC,"réunir les personnes, couples et familles de culture mixte de Pékin en leur permettant de se rencontrer lors d'évènements ; informer en diffusant à ses membres les informations correspondant à leur spécificité ; représenter la communauté des membres auprès des différentes institutions afin d'exposer les besoins spécifiques exprimés par l'ensemble des membres",Dunkerque,39 RUE DE LA COLLINE,59140,http://www.affc-pekin.com
2020-08-06,PASSIONS-GEEK.FR,PASSIONS-GEEK.FR,réunion et organisation de rencontres et d'événements autour d'anciennes machines tel que des ordinateurs personnels et des consoles de jeux ainsi que la récupération et la réparation de ces mêmes machines,Hazebrouck,67 CHEMIN DES PRÉS,62120,https://www.passions-geek.fr
2000-07-19,YIN YANG CROIX NORD,YIN YANG CROIX NORD,faire découvrir et enseigner aux adhérents la pratique des arts corporels traditionnels chinois dits énergétiques tel le Qi Gong et dits internes tel le Taï Ji Quan ; favoriser les activités autour de ces pratiques ; maintenir et renforcer ces pratiques ; favoriser et développer l'apprentissage de ces pratiques par des formations reconnues nationalement ; respecter la liberté de conscience ; s'interdire toute discrimination ; respecter la parité,Croix,51 BOULEVARD DE LYON,59100,http://www.yinyangcroixnord.com
2007-09-03,YI QUAN KUNG FU LILLE METROPOLE YKF,YI QUAN KUNG FU LILLE METROPOLE YKF,"développer le goût et la pratique des arts énergétiques et martiaux internes et ou externes d'origine chinoise sous leurs formes les plus diverses traditionnelles, compétitives, sportives, méditatives ou orientées vers le bien être à l'exclusion de toute discussion ou ingérence politique ou religieuse; étudier et transmettre la technique, la tradition et l'esprit originaux de ces arts; accès pour tous à la pratique des activités physiques et sportives de son ressort",Lille,4  rue du mont de piété,59800,www.kungfu-yiquan-lille.fr
1966-11-24,ARTS MARTIAUX RONCHINOIS,ARTS MARTIAUX RONCHINOIS,"pratique du judo et des disciplines associées; pratique des autres disciplines dites art martial à la condition qu'elles soient régies par un règlement fédéral, cela dans un esprit de totale indépendance à l'égard de toute opinion politique, idéologique ou religieuse; diffuser et encourager ces sports dans tous les milieux sociaux et particulièrement parmi les jeunes de condition modeste",Ronchin,RUE LOUIS BRAILLE,59790,http://www.artsmartiaux-ronchinois.com
2009-04-23,CLUB DES CH'TIS DIAMANT MANDARIN,CLUB DES CH'TIS DIAMANT MANDARIN,promouvoir l'élevage du diamant mandarin : aider et conseiller les jeunes éleveurs ; travail de groupe pour l'amélioration de l'élevage ; commande de bagues CDE groupées ; organiser des réunions techniques et un concours régional ; faire des partenariats avec d'autres clubs ; création d'un site internet ; affiliation au CDE (Club des Exotiques),Hersin-Coupigny,785  RUE DES FESTEUX,62700,http://chti-mandarin.superforum.fr/
2010-02-22,HEBERGENET,HEBERGENET,"héberger des sites web ou des fichiers sur internet et acquérir des compétences dans le monde des nouvelles technologies en particulier debian, windows, mysql et le php, proposer nos services aux particuliers ou aux petites entreprises afin de pouvoir compenser nos frais de gestion et acquérir de nouvelles machines dans le but de développer notre association",Villeneuve-d'Ascq,247  allée Chardin,59491,www.hebergenet.fr
2012-03-29,UNION DES CHERCHEURS ET ETUDIANTS CHINOIS EN FRANCE A LILLE - UCECL,UCECL,"réunir tous les étudiants, chercheurs et ingénieurs chinois de la cité Lille, de maintenir les contacts et de fournir les entraides, de surmonter les difficultés de la langue dans la scolarité et dans la vie quotidienne aux nouveaux arrivés et de leur faire mieux connaitre la cité Lille, la région Nord et la France, d'élargir et de renforcer les relations amicales avec les Lillois ; également de présenter aux Lillois la Chine, son peuple, sa culture et ses diverses coutumes et traditions puisque les étudiants membres sont venus des régions très variées de la Chine",Villeneuve-d'Ascq,170 ALLÉE DE LIÈGE,59777,https://www.ucecl.com
2017-09-11,SUDRIMAKER,SUDRIMAKER,"exercer toute activité commerciale, de vente de biens et/ou de service, destinée, à réaliser son objet ; 
utiliser, exploiter et fabriquer des robots, machine digitales et numériques et imprimantes 3d, développe des programmes informatiques pour diverses utilisations comme de la robotique ou la création de site ; 
créer un site internet pour faciliter les opérations se rattachant à la réalisation de son objet ;
accomplir toute opération se rattachant à la réalisation de son objet",Lille,14 RUE COLSON,59800,https://sudrimaker.fr/
2018-08-31,SINODE BABA,SINODE BABA,promouvoir la création artistique à visée pluridisciplinaire dans une dynamique d'échange de savoirs et de compétences entre les membres participants,Tourcoing,205 RUE DU VIROLOIS,59200,http://sinodebaba.fr
2008-09-26,"ASSOCIATION BOUCHAIN JEUNESSE, ABJ",ABJ,rassembler les jeunes Bouchinois autour de différentes actions,Bouchain,9 RUE RACINE,59282,www.e-monsite.com/association-bouchain-jeunesse
1999-02-24,COMITE REGIONAL HAUTS-DE-FRANCE DE LA FEDERATION FRANCAISE DES ARTS ENERGETIQUES ET MARTIAUX CHINOIS,COMITE REGIONAL HAUTS-DE-FRANCE FFAEMC,"pratique et développement des arts énergétiques et martiaux chinois (qi gong, taïchi chuan, kung fu, wushu et disciplines affinitaires)",Verneuil-en-Halatte,10 RUE JEAN JACQUES FUSSIEN,60550.0,http://ffaemc-hauts-de-france.fr
1992-07-03,MARKET GARDEN ASSOCIATION,MARKET GARDEN ASSOCIATION,"Sauvegarder notre patrimoine et perpétuer le souvenir des véhicules de la seconde guerre mondiale, afin de rappeler aux anciens ce que fut leur époque, et de montrer aux jeunes générations ce qu'était le matériel militaire existant de la dernière guerre. L'association ne fera aucun rapprochement avec les autres guerres : Indochine, Algérie ou autre.",Pont-Sainte-Maxence,2 RUE L'ABBE GREGOIRE,60700.0,www.mga60.fr
1993-09-14,C.K.F.S.G CLUB DE KUNG FU ET CAPOEIRA DE SAINTE GENEVIEVE ECOLE DU DRAGON D'OR,C.K.F.S.G CLUB DE KUNG FU ET CAPOEIRA,enseignement des arts martiaux chinois et brésiliens,Beauvais,20 RUE DES LARRIS,60000.0,http://dragondorlamsaiwing.clubeo.com
2019-08-23,ART DE CERCLES TAI CHI CHUAN ESCHES,ACD-TCCE,"promouvoir, diffuser et développer la connaissance, la pratique, l'étude et l'enseignement des arts énergétiques et martiaux chinois, ainsi que des disciplines associées et/ou de toute discipline qui peut y contribuer ; le Taï Chi Chuan en est la principale activité ; l'association utilisera tous les moyens légaux pour soutenir ces buts",Esches,2  RUE DU BELVEDERE,60110.0,https://artdecercles.fr/
2024-05-23,SHAOLIN ALENÇON,SHAOLIN ALENÇON,"pratiquer, enseigner et promouvoir les arts martiaux chinois, ainsi que toute autre pratique martiale, culturelle ou sportive",Alençon,23  RUE LOUIS BLÉRIOT,61000.0,https://shaolin-alencon.fr/
2010-12-09,EPSINOV',EPSINOV',"instaurer un pôle dédié à la recherche dans le secteur de l'informatique au sein de l'école EPSI d' Arras ; rassembler les étudiants désirant participer à un projet de recherche en leur offrant un cadre adapté, ainsi que ceux souhaitant expérimenter les récentes avancées technologiques en les mettant à leur disposition autant que possible",Arras,18 rue Briquet-Taillandier,62000,www.epsinov.net
1998-11-16,"ASSOCIATION ""DRAGON COTE D'OPALE""",DRAGON COTE D OPALE,pratique du Kungfu Wushu (art martial chinois) ainsi qu'une approche de la culture chinoise,Boulogne-sur-Mer,23  RUE LAENNEC,62200,dragonopale.e-monsite.com
2021-08-17,RW-HOSTING,RW-HOSTING,service d'hébergement de machine virtuel ;,Boulogne-sur-Mer,37  RUE DU VAL SAINT MARTI,62200,https://rw-hosting.fr
2016-07-19,ASSOCIATION EUROPE-CHINE DU COMMERCE TRANSFRONTALIER,EUROPE-CHINE,améliorer les relations commerciales du commerce transfrontalier entre l'Europe et la Chine,Calais,70 Avenue Victor Hugo,93300,http://www.euchina.eu
1992-07-08,HARNES OLYMPIQUE GYM,HARNES OLYMPIQUE GYM,mettre à disposition des machines de musculation et de cardio-training,Harnes,4 RUE GEORGES BRASSENS,62640,https://harnesolympgym.onlc.fr/1-apercu.html
2003-06-12,LES RANDONNEURS HERSINOIS,LES RANDONNEURS HERSINOIS,La pratique et la promotion de la randonnée pédestre,Sains-en-Gohelle,22  RUE DE GRENOBLE,62114,http://www.randonneurshersinois.fr
2012-10-07,LES AMIS DE LA FOSSE 10 DE BILLY,AF10B,"conserver et réhabiliter la salle des machines et le puits n°10 des mines de Courrières à Billy-Montigny ; protéger et valoriser le patrimoine minier encore visible sur le site de l'ancienne fosse 10 des mines de Courrières à Billy-Montigny, par des recherches archéologiques sur le site, la collection d'archives et de matériel, le classement aux monuments historiques et la collecte de ressources nécessaires au projet",Billy-Montigny,42  RUE DU BOIS,62420,http://amis10billy.canalblog.com/
2020-06-03,CLUB DES UTILISATEURS D'AUTOMATES PHARMACEUTIQUES,CUAP,"développer la connaissance des automates utilisés en pharmacie en : travaillant sur l'élaboration de bonnes pratiques d'utilisation des automates, permettant la réactualisation des connaissances sur les nouvelles générations de machines, mettant en relation les pharmaciens utilisateurs entre eux, afin de partager leurs expériences respectives, en organisant des formations communes",Annay,1  PLACE PASTEUR,62880,https://www.cuap.fr
2016-06-08,"KUNG FU WUSHU HU YING DAO, CLUB DE LEMPDES (63)",HU YING DAO LEMPDES,"l'étude et la pratique des arts martiaux chinois, sino-vietnamiens,  promouvoir la culture et les échanges entre les disciplines martiales de toute origine, déployer et promouvoir localement les orientations de l'Ecole Hu Ying Dao, Kung Fu Wushu déclarée en préfecture sous le numéro W033003130",Lempdes,4  chemin DU BARIL,3200.0,http://huyingdao.wix.com/hydao
2018-09-26,WOLF PRODUCTION VIDEO MAKING,WLF PROD,"enseignement de la réalisation audio-visuel de type : courts métrages, clips musicaux, film de concert, vidéos d'entreprises ;  ; 
donner l'accès aux jeunes de pratiquer cet art visuel, l'apprendre, et le faire développer avec le partage et l'échange de toutes et tous ; 
permettre l'évolution de chacun à travers l'achat de nouveau matériel tel que : caméra, stabilisateur, drone, machine à fumer, micro ;  ;",Clermont-Ferrand,23  RUE BLAISE PASCAL,63000.0,https://wolfprod.wixsite.com/videomaking
2019-01-17,SHUN WU TANG BRANCHE PAYS BASQUE,SHUN WU TANG SAINT JEAN DE LUZ,"représenter le style de gong fu de l'école shun wu tang dans le nord du lot; promouvoir les valeurs et la tradition de l'enseignement du grand maître de l'école shun wu tang de taïwan; approfondir les connaissances de ses membres sur le système « familial » shun wu tang, ainsi que sur la culture, la philosophie et les arts martiaux chinois; gérer et organiser les manifestations ou étapes de perfectionnement aux niveaux régionaux, ainsi que permettre leur mise en oeuvre",Saint-Jean-de-Luz,337 ROUTE DU SOLEIL,19120.0,https://shunwutang.fr
2023-07-23,ECOLE DE KUNG FU PAYS BASQUE,KUNG FU PAYS BASQUE,pratique des arts martiaux chinois et toute activité connexe,Bayonne,14  RUE BOURA,64100.0,http://kungfu-paysbasque.fr
2009-11-25,BO REN ASSOCIATION CHINOISE,BO REN ASSOCIATION CHINOISE,"rassemblement de toutes personnes d'origine chinoise ou d'ailleurs portant un intérêt dans la promotion culturelle, sociale, éducative etc...de la communauté chinoise de l'agglomération paloise, du département des Pyrénées-Atlantiques et des régions limitrophes. Elle a aussi pour objet la promotion des échanges entre la communauté chinoise de la région mentionnée ci-dessus et la communauté générale au niveau local, régional, national et international",Pau,4  rue du Parnasse,64000.0,www.zhonghuaborenhui.yolasite.com
2017-03-16,MIPS-LAB,MIPS-LAB,"mettre à disposition de ses membres et du public des ressources partagées (locaux aménagés, machines, outils, logiciels, documentation, base de connaissance, etc ; ) et organiser des activités, des formations et des évènements dans le but de rendre accessible et de développer la fabrication numérique et de promouvoir les valeurs portées par le réseau et la charte des fablabs",Pau,4  RUE DESPOURRINS,64000.0,https://www.mips-lab.net
2022-09-27,ACADÉMIE DE WUSHU PYRÉNÉES,AWP,"enseigner la boxe chinoise externe appelée communément kung fu à main nues et avec armes, enseigner les pratiques énergétiques chinoises comme le qi gong, yang shen, ba gua, tai ji, etc, former de futur enseignant pour encadrer les cours, participer à des compétitions, rencontres sportives, organiser des séances du kung fu training santé, séances de remise ne forme sans combat, organiser des stages en France et à l'étranger (Chine)",Jurançon,56 Rue du général Leclerc,64110.0,https://www.institut-madeo.com/les-arts-martiaux
2007-05-07,COMITE REGIONAL OCCITANIE FFAEMC,COMITE REGIONAL OCCITANIE FFAEMC,développer dans sa région le goût et la pratique des arts énergétiques et martiaux internes ou externes d'origine chinoise sous leurs formes les plus diverses compétitives sportives médiatiques ou orientées vers le bien être à l'exclusion de toute discussion ou ingérence politique ou religieuse,Montpellier,771 ROUTE DU VERDIER BAS,34390,https://ffaemc-occitanie.fr
2012-02-10,OYAMEI (EUROPE ASIE AMERIQUE DU NORD),OYAMEI (EUROPE ASIE AMERIQUE DU NORD),"association pour les échanges internationaux d'éducation et de culture spécialement destinée à aider les étudiants/es chinois/es qui souhaitent venir étudier en France à l'université ou autres écoles ; cette aide aux informations de toute nature (administrative, légale, privée, universitaire, entraide,...)sera réalisée sur le site internet 'www.oyamei.com' créé le 13/11/2010 ; les internautes intervenant librement sur le site www.oyamei.com auront la possibilité d'adhérer à l'Association OYAMEI selon une cotisation définie par le bureau afin que le site internet soit soutenu financièrement et offre une image forte de solidarité et mutualité par l'entraide",Perpignan,10  rue du Lieutenant Pruneta,66000,http://www.oyamei.com
2013-11-22,ASSOCIATION NATIONALE DES ANCIENS PRISONNIERS D'INDOCHINE - RÉGIONS LANGUEDOC ROUSSILLON (ANAPI - LANGUEDOC ROUSSILLON),ANAPI LANGUEDOC ROUSSILLON,"principalement regrouper au niveau régional les anciens prisonniers - internés ayant été détenus dans les camps du Viêt-Minh, les camps japonais, chinois et/ou dans les autres camps de prisonniers ayant existé en Asie, pendant la période comprise entre 1945 et 1954 ; préserver leurs intérêts moraux et matériels ou ceux de leurs ayants droit ; regrouper au niveau régional les membres d'associations d'anciens combattants, de civils et d'amis de l'Indochine, pour le devoir de Mémoire",Ille-sur-Têt,1 Impasse des Magnolias,66450,http:///www.anapi.asso.fr
2015-03-23,L'ART DU BIEN-ÊTRE ESPIRA,L'ART DU BIEN-ÊTRE ESPIRA,"diffuser à tout public les techniques suivantes : tai-chi-chuan, qi gong, arts martiaux internes, arts énergétiques, relaxation, culture chinoise",Espira-de-l'Agly,4 RUE Victor Hugo,66440,http://www.lartdubienetre.fr
2020-01-28,FABLAB MOBILE MOBILAB66,MOBILAB66,"créer, animer et exploiter un espace de créativité et de fabrication itinérant ; Proposer toute sorte d'outils pour la conception et la réalisation d'objets, notamment des machines-outils pilotées par ordinateur",Perpignan,73  AVENUE PAU CASALS,66000,http://mobilab.fablab66.fr/
2004-02-13,L'ESPRIT CANUT L'ESPRIT CANUT N'EST PAS MORT IL GUEULE ENCORE,L'ESPRIT CANUT L'ESPRIT CANUT N'EST,"Pour répondre à la situation créée par la liquidation de la SARL Maison des Canuts, l'association a pour objet immédiat la sauvegarde, dans son intégralité, des matériels, métiers, machines, outils, archives textiles, archives parpier, livres, confiés en leur temps par les tisseurs ouvriers de Lton et de la région Lyonnaise à la SARL.Pour faire vivre ce patrimoine, l'association se donne pour but de définir un projet concernant la création sur le site de la Cx Rousse d'un musée historique Canuts",LYON,28  RUE DENFERT ROCHEREAU,69004.0,www.lespritcanut.fr
2005-03-29,UN BASTRINGUE SINON RIEN,UN BASTRINGUE SINON RIEN,"Cette association a pour but d'animer et de gérer un lieu:
-d'échange, de rencontre, d'expression, de convivialité
- de diffusion artistique
-de débats
de résidence pour des compagnies artistiques.",Lyon 2e Arrondissement,14  Rue Laurencin,69002.0,lebastringue.free.fr
2001-09-06,VOIE CORPORELLE - PILATES ET PLUS,VOIE CORPORELLE - PILATES ET PLUS,"favoriser la rencontre, la découverte et le partage de connaissances à travers la pratique de différentes disciplines corporelles telles que (entre-autre) la méthode pilates, les gymnastiques traditionnelles chinoises, les techniques de recentrage, le yoga, la diététique-nutrition ; et tout objets similaires, connexes ou complémentaires ou susceptibles d'en favoriser la réalisation ou le développement",Caluire-et-Cuire,17 BIS RUE PIERRE BRUNIER,69300.0,https://voiecorporelle.fr/
2006-06-06,ASSOCIATION FRANCO-CHINOISE POUR L'EDUCATION LES ECHANGES ET LA JEUNESSE (AFCEEJ),AFCEEJ,"organiser des actions dans les domaines de l'éducation, de la formation et de la culture ainsi que des actions d'accompagnement ponctuelles au bénéfice de tous types de sociétés, d'associations ou d'institutions publiques ou privées désirant promouvoir pour leur propre compte les échanges entre la France et la Chine",Lyon,1  RUE AUDRAN,69001.0,www.allochine.com
2007-05-07,ASSOCIATION DES CHERCHEURS ET DES ETUDIANTS CHINOIS DE LYON,ASSOCIATION DES CHERCHEURS ET DES E...,"servir les chercheurs et les étudiants chinois à Lyon, promouvoir les échanges intellectuels et amicaux entre eux, faciliter leur adaptation dans leur vie étudiante ou professionnelle afin qu'il puisse accomplir leurs différentes tâches en France",Lyon,11  rue Rachais,69003.0,www.xuelian-lyon.com
2007-07-19,ARTS MARTIAUX DU 4EME,ARTS MARTIAUX DU 4EME,"pratique et développement des arts martiaux: dorigine japonaise (aïkido, karatédo, jiujitsu, judo); d'origine chinoise (qigong, taïchi chuan, dacheng chuan); ainsi que des arts énergétiques de préservation et de bien-être de toute origine, et plus généralement de toute voie martiale ou sportive de même inspiration, contribuant à l'épanouissement de la personne dans la perspective de la non-agression et du respect mutuel",Lyon,133  Boulevard de la Croix-Rousse,69004.0,www.artsmartiauxlyon4.fr
2010-06-03,APESC (ASSOCIATION DES PARENTS D'ELEVES DE LA SECTION CHINOISE DE LA CITE SCOLAIRE INTERNATIONALE DE LYON),APESC,"promouvoir la formation, l'éducation et les activités manuelles et sportives des élèves de la section chinoise de la Cité Scolaire Internationale CSI. Participer à la vie active. Coopérer avec toute personne physique ou juridique française, chinoise, de pays ou région de langue chinoise et/ou étrangère pour toute action tendant à améliorer la situation des élèves. De soutenir les pouvoirs publics et/ou les solliciter pour toute action jugée utile. De faire reconnaître par les autorités compétentes la formation des élèves comme valable à tous les effets en France, Chine, Pays de langue chinoise et dans l'Europe entière. Solliciter la mise à disposition de tous les moyens nécessaires pour rendre la formation la plus complète possible. De faciliter les rapports entre les parents d'élèves et les autorités, ainsi que la solution de tous problèmes moral, matériel et intellectuel de ces élèves. Faciliter les contacts entre les parents d'élèves de la CSI et les autres parents d'autres sec",Lyon,13 RUE DES CHAUX,69340.0,https://apescblog.wordpress.com/
2011-08-23,BAMBOU BALANCE HARMONIE ET MOUVEMENT,BAMBOU BALANCE HARMONIE ET MOUVEMENT,"promouvoir enseigner et développer la pratique de différents arts comme la peinture au lavis de chine, d'arts et méthodes issus d'Orient et d'Occident, principalement Tai Chi Chuan, dans le but de favoriser le bien-être des personnes pratiquantes et d'améliorer leur qualité de vie, de favoriser la diffuser et l'apprentissage de ces méthodes par un enseignement de qualité, d'organiser des échanges culturels et des contacts nationaux et internationaux dans le domaine des arts corporels et des arts plastiques dans le secteur associatif ou autres",Villeurbanne,234 COURS EMILE ZOLA,69100.0,https://www.bamboubalance.com
2012-02-20,M CHINESE CORNER,M CHINESE CORNER,"organisation d'activités autour de l'échange culturel France Chine ; notre petit coin pour vivre la Chine, échange et partage ; Art, Beauté, Culture, D, E, F, G, H, I, J, K, Langue, Minorités, Nourriture, O, Protection, Q, R, Santé, Tradition, U, Voyages, W, X, Y, Z",Corbas,13  rue Pierre Brossolette,69960.0,www.m-chinesecorner.com
2012-03-05,CLUB TIIN AZUR,CLUB TIIN AZUR,"participer au partage et à la diffusion de la culture populaire asiatique, et chinoise en particulier ; promouvoir l'aspect ludique de cette culture, entre autres en organisant des cercles de jeux asiatiques (mah-jong, go, échecs chinois) et en fournissant le matériel nécessaire au fonctionnement de ces jeux, en élaborant et diffusant les informations et les documents pédagogiques utiles pour améliorer la connaissance culturelle et ludique, en promouvant ces activités par l'organisation ou la participation à des journées ou soirées évènementielles, portant sur la culture asiatique ou la culture ludique",Lyon,147  RUE PAUL BERT,69003.0,www.clubtiinazur.com
2012-12-16,CENTRALE LYON COSMOS,CLC,"regrouper un ensemble de Centraliens de Lyon partageant une passion commune autour de l'aérospatial, de projets de lanceurs innovants et de technologies servant le monde de l'aéronautique ; contribuer à la formation par le concret d'élèves-ingénieurs engagés dans différents projets d'aérospatial, à finalité pédagogique, soutenus par l'École Centrale de Lyon (ECL) et développant les compétences d'ingénierie, de management, de sécurité et/ou de communication de ses participants ; être force de proposition auprès de l'École Centrale de Lyon pour la spécification de sujets d'ingénierie à vocation pédagogique pouvant faire l'objet de projets d'élèves-ingénieurs dans le cadre de leur scolarité à l'ECL ; fournir un cadre pour l'acquisition et la possession des machines, du matériel, ainsi que la conservation et la transmission des projets passés ; capitaliser des dons en machines et matériels pour la réalisation de projets à venir",Écully,"36, AVENUE GUY DE COLLONGUES",69130.0,https://centralelyoncosmos.com/
2013-10-31,NIHAO LYON,NIHAO LYON,favoriser linterculturalité franco-chinoise par toutes formes déchanges,Lyon,31 RUE NEYRET,69001.0,www.nihaolyon.com/fr
2014-01-16,ASSOCIATION CULTURELLE D'ÉCHANGE FRANCO-CHINOIS(ACEFC),ASSOCIATION CULTURELLE FRANCO-CHINOIS,faciliter la communication et l'échange culturel entre la France et la Chine ; renforcer la connaissance de la Chine en France et en sens inverse ; provoquer l'opportunité de coopération culturelle et commerciale entre les deux pays,Lyon,77  rue Philippe Fabia,69008.0,http://fc3ea.tap.cn/
2014-04-11,FRANCHINO,FRANCHINO,"construire une plate-forme pour promouvoir l'échange culturel entre la France et la Chine; donner régulièrement les cours de chinois avec les thèmes de ""chinois commercial"", ""chinois domaine touristique"" et ""chinois général"" pour que les membres soient bien intégrés dans notre association et développer leur capacité linguistique pour but de réaliser un débat et/ou un voyage en Chine; organiser régulièrement des activités culturelles chinoises pour permettre aux membres de connaître les habitudes et coutumes des chinois; ouvrir une fenêtre aux français pour bien connaître la Chine à part la langue, donc la culture traditionnelle chinoise, la gastronomie, les arts martiaux etc",Villeurbanne,139  avenue Roger Salengro,69100.0,www.ecole-chinois.jimdo.com
2015-03-31,INSTITUT FRANCO-CHINOIS DE NANKAI,INSTITUT FRANCO-CHINOIS DE NANKAI,"développer des formations adaptées à des collectivités et territoires français et chinois à l'heure du changement climatique, de la progression numérique, de l'urbanisation massive et de l'émergence d'une industrie du futur ; 	créer des projets de formation et élaborer des programmes d'études, de recherches, de conseil dans les secteurs de l'industrie, de la finance, de la santé et de la gastronomie, des sports ainsi que la logistique avec encrages des savoir-faire franco-chinois ; organiser les relations entre les écosystèmes français et chinois, et permettre la réalisation de jumelages entre les institutions des deux pays ;	promouvoir les échanges industriels, commerciaux, scientifiques et culturels entre la france et la chine ; faciliter plus particulièrement les pme/pmi françaises et chinoises à mieux appréhender l'environnement économique des deux pays ; créer d'échanges entre les différents partenaires qui interviendront sur l'aménagement et le développement des formations françaises et chinoise ;	promouvoir le système économique, scientifique et culturel français en chine, puis le mettre en uvre, et en assurer la diffusion et le suivi ;	organiser des voyages entre les deux pays pour tous les publics  ;	organiser et participer à des débats, colloques et dialogues, salons, réunions internationales pour promouvoir les systèmes et les modules éducatifs
; organiser des rencontres avec l'ensemble des décideurs politiques et économiques français et chinois pour faciliter les échanges sur les deux territoires ;",Lyon,41  RUE LIEUTENANT COLONEL GIRARD,69007.0,www.ecoledesvinsdubeaujolais.com
2015-04-17,PANSINOVE,PANSINOVE,"permettre une reconnaissance des soins infirmiers de qualité autour des axes suivants : promouvoir le Diplôme Universitaire Plaies et Cicatrisation, réunir des professionnels de santé autour d'un thème commun : la plaie, communiquer, échanger sur l'usage des bonnes pratiques, permettre une reconnaissance de compétence, créer un tissu de relation entre tous les partenaires de santé ""ville-hôpital""",Collonges-au-Mont-d'Or,11 bis  rue du Puits d'Ouillon,69660.0,www.pansinove.fr
2015-05-23,ARTS ET ENERGIE BOXES CHINOISES,AEBC,initiation culturelle aux arts énergétiques et martiaux d'Extrême Orient,Lyon,17  rue Saint Antoine,69003.0,artsetenergie.over-blog.com
2015-11-08,GUAN YU - BRIGNAIS,GUAN YU - BRIGNAIS,étude et pratique des arts énergétiques et martiaux chinois,Brignais,35 bat D  route de Charly,69230.0,www.kfgc.fr
2016-01-14,MODESIGNLYON,MODESIGNLYON,"faciliter les échanges entre les acteurs de la mode franco chinoise ; la plateforme MoDesignLyon permettra aux designers, aux marques et aux manufactures de regrouper cette communauté de professionnel passionné de la mode et du design qui sont intéressés aussi bien par le marché chinois que français; au travers de cette plateforme web, les mises en relation seront ainsi très faciles afin d'échanger, partager et construire des projets ensemble",Villeurbanne,81  rue De Verdun,69100.0,http://modesignlyon.com/
2016-06-20,WEWASTE,WEWASTE,"sensibiliser à l'écologie et à la gestion des déchets ; créer du lien social ; fédérer un engagement citoyen dans une logique positive de responsabilisation ; revaloriser les déchets et la capacité d'action des citoyens en s'adaptant à tout type de public ; les moyens d'action de l'association sont notamment des opérations de collecte de déchets ; ateliers de valorisation des déchets ; actions pédagogiques et ludiques pour éduquer à la gestion des déchets ; récupérations et études de données sur les déchets ; découvertes et éveil aux nouvelles technologies et des technologies numériques (cours ou fabrication/utilisation de machines) ; organisations d'événements et d'activités éducatives, artistiques, ludiques et sportives ; les moyens listés ci-dessus étant indicatifs et non limitatifs ; l'association étant à but non lucratif, tout revenu généré sera réinvesti dans l'association",Lyon,37 RUE SAINTE HELENE,69002.0,http://www.wewaste.fr
2016-08-12,ARTIVITÉS CHINA,ARTIVITÉS CHINA,construire une plate-forme pour promouvoir l'échange artistique et culturelle entre la France et la Chine ; organiser régulièrement les activités pour découvrir les arts chinois,Lyon,7  rue du Lac,69003.0,www.artivites-china.jimdo.com
2017-01-18,DÉLÉGATION POUR L'INTÉGRATION ET LA RECONNAISSANCE DE LA MÉDECINE CHINOISE (DIRMÉCH),DIRMÉCH,"oeuvrer pour la reconnaissance, l'insertion, la démocratisation et la valorisation de la Médecine Traditionnelle Chinoise (MTC) en France ; communiquer aux instances gouvernementales « partenaires » les données en lien avec la profession ; créer le cadre d'une branche professionnelle « Médecine Traditionnelle Chinoise » ; participer à la réglementation des acteurs professionnels de la médecine traditionnelle chinoise ; contribuer à la protection des acteurs professionnels de la médecine traditionnelle chinoise ; 	contribuer à la normalisation, certification labellisation à visée morale, éthique déontologique des professionnels de la médecine traditionnelle chinoise ; faire le lien entre experts de la médecine traditionnelle chinoise et toute autre instance ; représenter la médecine traditionnelle chinoise  auprès des instances gouvernementales, en France, en Europe, à l'international et à destination du grand public ; être l'interlocuteur principal de la mise en place de la médecine traditionnelle chinoise, de son évolution et intégration dans le paysage de la santé en France ; organiser des actions et manifestations pour valoriser, faire évoluer et développer le secteur d'activité ; être force de proposition pour valoriser, développer et garantir le rayonnement de la France à travers la médecine traditionnelle chinoise (emploi, recherche, économie, santé et prévention) ; et toute autre action qui pourrait faire l'objet de complément au sein du Règlement Intérieur",Lyon,58  rue DE LA REPUBLIQUE,69002.0,http://dirmech.org
2017-04-14,FÉDÉRATION NATIONALE DES ASSOCIATIONS DE COMMERÇANTS CHINOIS ET ASIATIQUES (FNACCA),FNACCA,"établir une liaison permanente entre les acteurs économiques et de leur fournir une logistique de moyens d'action ; promouvoir le développement des relations de tout niveau dans le domaine du commerce entre la France, la Chine et les pays d'Asie ; permettre l'échange de toutes les idées propres à animer les villes, à promouvoir et à stimuler le mouvement des affaires ; assurer dans tous les domaines, la défense des intérêts et des droits du commerce indépendant ; représenter les associations de commerçants chinois et asiatiques de France auprès des pouvoirs publics locaux, régionaux, nationaux, européens ou internationaux ; assurer l'échange d'informations commerciales et juridiques à l'ensemble de ses adhérents et des décideurs politiques et économiques ; assister ou de représenter ses adhérents ou les associations de commerçants en faisant la demande devant toute juridiction, et éventuellement se porter partie civile dans toutes procédures impliquant le commerce",Lyon,204  RUE GARIBALDI,69003.0,http://fnacca.org
2017-10-13,MACHINE GONES,MACHINE GONES,"promotion et pratique de la robotique ludique ; diffuser et partager les connaissances en électronique, mécanique et informatique nécessaires à la réalisation de robots ; organiser des challenges et démonstrations robotiques ainsi que des évènements numériques divers",Collonges-au-Mont-d'Or,3  impasse Saint-Martin,69660.0,www.machinegones.fr
2018-06-04,FRANCE WING CHUN SECTION 69 (FWC 69),FWC 69,promouvoir les arts martiaux chinois,Charbonnières-les-Bains,68 RUE VILLON,69008.0,https://fwcsection69.wixsite.com/wingchun
2019-02-27,ASSOCIATION THIEULÂM DU LION,ATL,"regrouper les personnes autour de la pratique des arts martiaux traditionnels chinois (kung fu) ; développer la pratique de la danse traditionnelle du lion ; promouvoir la culture sino-vietnamienne et les valeurs martiales qui y sont attachées ; favoriser la solidarité, l'entraide et la cohésion ; pratiquer dans l'humilité et le respect de la tradition et des anciens ; organiser ou participer à des manifestations sportives et culturelles",Sérézin-du-Rhône,50  RUE DES FLEURS,69360.0,http://danse-lion.fr/
2019-04-02,LES HÉRITIÈRES,LES HÉRITIÈRES,"reconnecter les savoirs faire traditionnel de la confection mode avec les nouvelles générations de créateurs Lyonnais ; mettre à disposition un atelier de confection collaboratif pour de jeunes talents dans lequel ils trouveront tout le nécessaire pour réaliser une première collection ou un book curriculum vitae ; les accompagner dans toutes les étapes de réalisation, de l'idée à la vente, pour cela ils auront accès à un parc de machines professionnelles, un espace de travail pour la conceptualisation de leur idée, ainsi qu'à une mercerie, un lieu d'échange, un studio photo, un espace de stockage, et une plateforme d'e-commerce ; cet espace de coworking offrira aux étudiants et aux jeunes créateurs de marques, un outil précieux pour les aider à se développer et à démarrer,  les accompagner dans leur insertion dans le monde du travail, endiguer la fuite des créateurs vers la capitale, dynamiser lactivité économique artisanale de Lyon, redorer le blason des métiers artisanaux",Lyon,49  RUE D'AUBIGNY,69003.0,http://lesheritieres.com
2019-10-31,HUAYEN EUROPE,HUAYEN EUROPE,"échange culturel franco-chinois et enseignement,  promotion et pratique de la philosophie chinoise et des arts énergétiques indochinois, et en particulier des disciplines suivantes : enseignement supérieur de Chan et de philosophie orientale ;  école de philosophie Huayen néoclassique et des valeurs bouddhisme Han ; 
Yoga Chan ;",Saint-Priest,6  RUE MICHEL PETRUCCIANI,69800.0,https://www.huayen.eu
2020-11-13,SMART LION,SMART LION,"pratique, la promotion, le développement, l'apprentissage, l'étude, la diffusion, dispense de cours particuliers et collectifs, de l'ensemble des jeux de stratégie (exemple non exhaustifs : les échecs, le shôgi - échecs japonais, le xiang qi - échecs chinois, autres variantes d'échecs, le jeu de go, le jeu de dames, othello, etc) ; et autres jeux intelligents (exemple non exhaustif : rubik's cube), auprès de tous public, de tous âges, en club, à domicile, dans les écoles, en entreprise et tous autres lieux utiles",Lyon,184  RUE MARCEL MERIEUX,69007.0,https://smartlion.fr/
2022-06-06,MANDARIN-MANDARINE DE CHASSIEU,MANDARIN-MANDARINE,"enseigner la langue chinoise de tous niveaux aux adultes et aux enfants, animer des ateliers culturels lié à l'Asie : cuisine, calligraphie, musique, danse, architecture, taiji, médecine traditionnelle chinoise, thé etc, accueillir des étudiants chinois et les accompagner dans leur installation en France, accompagner des étudiants français dans leur installation en Chine, accompagner les touristes chinois en France et les touristes français en Chine, animer des ateliers pour favoriser l'intégration des Chinois en France, enseigner d'autres langues, effectuer des formations de langue et de culture asiatiques sur place dans des établissements publics ou privés, faire de la traduction et de l'interprétariat, organiser des séjours linguistiques et touristiques",Chassieu,4  CHEMIN DE L AFRIQUE,69680.0,https://www.mandarin-mandarine.fr/
2022-12-27,XIANGXUE ASSOCIATION CULTURELLE ET ÉDUCATIVE DES TAIWANAIS,XIANGXUE A.C.E.T.,"promouvoir la pratique d'activités culturelles franco-Taiwan par divers évènements culturels ; enseignement des cours de chinois, proposer des réunions éducatives, faciliter les échanges interculturels ; organisation d'événements culturels, promotion de la culture française et Taïwanaise, initiation a une activité à but éducatif, et la préservation du patrimoine",Lyon,93  BOULEVARD DES BELGES,69006.0,http://www.xiangxue.org
2023-04-02,WUSHUSTORY,WUSHUSTORY,promouvoir la culture chinoise ainsi que la pratique des arts énergétiques et martiaux chinois,Lyon,132  AVENUE DES FRERES LUMIERE,69008.0,https://www.wushustory.fr/
1998-12-09,COMITE BOURGOGNE FRANCHE COMTE DE LA FEDERATION DES ARTS ENERGETIQUES ET MARTIAUX CHINOIS,CR BFC FAEMC,"développer, dans sa région, le goût et la pratique des arts énergétiques et martiaux internes d'origine chinoise sous leurs formes les plus diverses, compétitives, sportives, méditatives ou orientées vers le bien-être à l'exclusion de toute discussion ou ingérence politique ou religieuse ; étudier et transmettre, dans sa région, la technique, la tradition et l'esprit originaux de ces arts, sans discrimination de style ou d'école ; entreprendre, dans sa région, toute action susceptible d'apporter aux organismes affiliés une aide effective dans leur fonctionnement sur le plan de l'enseignement, de la création, de la diffusion et de la documentation etc. ; représenter, dans sa région, les organismes affiliés et défendre les intérêts des arts énergétiques et martiaux chinois ; faire respecter les règlements de la fédération dont elle est une entité déconcentrée, favoriser dans sa région toutes activités permettant de promouvoir les arts énergétiques et martiaux chinois et rechercher d'une façon générale tous les moyens légaux, éthiques et déontologiques propres à atteindre les buts définis",Dijon,99 A  RUE GENERAL FAUCONNET,21000,www.bourgogne.franchecomte.faemc.fr
2019-01-29,SAN BAO DO IN ET RELAXATION,SAN BAO DO IN ET RELAXATION,"développer et présenter des ateliers autour du bien-être et de l'épanouissement personnel par le biais d'informations, de démonstrations, de cours collectifs et d'ateliers de pratiques, s'appuyant principalement sur les principes de l'énergétique chinoise lors de salons, d'événements ou d'ateliers récurrents ;",Échenans-sous-Mont-Vaudois,10  RUE DE LA FONTAINE,70400,http://salonsanbao.com
1989-10-30,PRECIGNE SELF DEFENSE,PSD,"dans le cadre de la defense personnelle et d'autrui, organiser et developper, former et promouvoir dans le cadre de la legislation en vigueur toute activite susceptible de developper l'esprit et la tradition martiale sino vietnanmienne et la creationde lien d'amitie entre ses membres.",Précigné,PLACE SAINT PIERRE,72300.0,https://precigneselfdefense.sportsregions.fr
2009-10-20,L'ASSOCIATION DU SUN TRIP,L'ASSOCIATION DU SUN TRIP,"en lien avec la société organisatrice sun trip company, l'association « l'association du sun trip » a pour objectifs : d'avoir un rôle actif dans l'organisation des éditions du sun trip lyon-canton, la plus grande aventure à vélos solaires au monde, notamment pour encadrer les bénévoles ; d'intégrer la dynamique du sun trip dans celle impulsée à l'internationale par la ville de lyon, l'agglomération du grand lyon, only lyon ou encore le nouvel institut franco-chinois, partenaires fondateurs du sun trip lyon-canton ; de porter des actions de rayonnement culturel franco-chinois autour du projet sun trip lyon-canton, en associant notamment la communauté chinoise de lyon ; de porter des actions de sensibilisations sur les nouvelles mobilités, notamment auprès des publics jeunes et scolaires à Lyon ; de rassembler les anciens participants et de mettre en valeur les énergies renouvelables au travers de l'aventure et du voyage, de permettre la découverte et l'essor de la mobilité électro-solaire, le dépassement de soi et l'accessibilité ainsi que l'amitié entre les peuples à travers la promotion de l'aventure du sun trip et ses valeurs ; plus généralement, l'association a pour vocation de mener toutes les actions propres à remplir ses objectifs : participation et organisation d'évènements sur les dits thèmes, ou opérations défendant les mêmes valeurs (conférences, festivals, salons, spectacles ) , création et diffusion de productions audiovisuelles et littéraires relatives à ces objectifs, création et vente de produits dérivés ; l'association a également pour vocation de s'impliquer dans les actions de promotion des énergies renouvelables au travers de l'aventure et du voyage portés par des tiers ;",Lyon,126 QUAI DE LA RIZE,73000,http://thesuntrip.com
2018-11-24,SKI CLUB FRANCO-CHINOIS,SCFC,"développer la pratique du ski et de ses activités assimilées sous toutes ses formes, avec pour objectif l'accès du plus grand nombre à la pratique de ces activités physiques et sportives ; mettre en uvre les moyens de promotion nécessaires à ce développement, d'assurer celle-ci en respect des autres formes de pratique sportive organisée au sein de groupements multisports, y compris en sollicitant la participation de partenaires institutionnels et économiques ; de favoriser la pratique du ski et de ses activités assimilées en contrôlant et en coordonnant leur activité, ces pratiques étant des moyens d'éducation, de culture et de participation à la vie sociale et citoyenne",Motte-Servolex,1214  ROUTE DU NOIRAY,73290,http://www.scfc.fr
2019-09-05,CLUB PRIVE LA BULLE DE QI,CLUB PRIVE LA BULLE DE QI,"proposer des cours, des stages, des évènements liés aux techniques énergétiques, promouvoir la culture traditionnelle indienne et chinoise, tous projets liés aux techniques de bien être tel que soirée découverte, rencontre, stages",Sallanches,91  QUAI DE WARENS,74700,http://labulledeqi.e-monsite.com
2021-11-08,CHAM QI GONG,CHAM QI GONG,"promouvoir la pratique et la culture des arts énergétiques et (martiaux) internes d'origine chinoise ; 
Pour atteindre cet objectif, elle s'autorise sans limite, toutes 
formes d'actions, qu'elles soient sportives, culturelles, philosophiques, méditatives ou orientées vers 
la santé et le bien-être, l'enseignement et la diffusion d'Arts martiaux internes et Arts énergétiques, 
Relaxation et autres pratiques de Bien-être ; au moyen de cours, stages, ateliers, séjours, 
conférences, publications, films, photos, site internet, réunions de travail et autres manifestations, 
initiatives pouvant aider à la réalisation de l'objet de l'Association ; au moyen de la vente 
permanente ou occasionnelle de tous produits ou services entrant dans le cadre de son objet ou 
susceptibles de contribuer à sa réalisation ; avec la possibilité de recourir à des intervenants 
extérieurs à l'Association, et à des salariés",Vallorcine,68  ROUTE DU LAY,74660,https://www.chamqigong.com
2019-10-04,ASSOCIATION INTERNATIONALE DE SANTÉ NATURELLE,AISN,"informer, développer et promouvoir, par tous les moyens et support disponibles, les méthodes douces et naturelles de préventions et traitements des maladies par acupuncture, massages, Qi Gong, Taichi, phytothérapie ou musicothérapie ; Chacun pouvant apprendre et pratiquer selon son état de santé et ses envies ; 
Développer et promouvoir, par tous les moyens et support disponibles, les valeurs d'une diététique et d'une alimentation saine et équilibrée, notamment au travers de la cuisine millénaire chinoise, qui a accumulé une connaissance extrêmement riche sur le plan médicinal ; 
Informer, développer et promouvoir, par tous les moyens et support disponibles, les méthodes et bonnes pratiques propres à protéger, préserver, lutter contre les pollutions et restaurer l'environnement, plus généralement la planète ;",Saint-Julien-en-Genevois,8  RUE DU MAIL,74160,https://www.drzhuweimin.com
2022-07-06,"""SAKURA, L'ART DU MOUVEMENT"" CRANVES-SALES",SAKURA,"développer et animer des activités d'épanouissement physique classique ou moderne pour tout public ; 
-	Permettre l'accès au mieux-être par l'enseignement et la pratique des Arts Traditionnels énergétiques et martiaux ; 
-	Donner l'accès à des méthodes corporelles, de relaxation, pour l'entretien physique et l'équilibre individuel ; 
-	Proposer une ouverture culturelle ; 
-	Animer des formations personnelles et professionnelles de TaïChi QiGong Yoga Chinois® ; 
-	Développer et animer des activités d'information favorisant une bonne hygiène de vie ; 
-	Créer et renforcer des liens sociaux ; 
-	Proposer des stages ou interventions animés par des experts dans les domaines visés par l'objet de l'association afin de d'enrichir la pratique ; 
L'association « Sakura, l'Art du Mouvement"" Cranves-Sales désire aussi au travers de ses différentes activités : 
-	Permettre un apprentissage dans le pur respect des capacités de chacun en s'appuyant sur la recherche d'une disponibilité technique et énergétique, source d'efficacité et de bien-être ; 
-	Donner une formation physique et mentale par la richesse et la diversité de son enseignement, renouant ainsi avec le principe philosophique de l'action 
""Regarde - Imite - Comprends ; ""
Cette quête intérieure est symbolisée par Sakura, signifiant ""la fleur du cerisier"" ; Elle symbolisait pour les samouraïs la pureté et le caractère merveilleux et éphémère de la vie ; 
-	S'inspirer du patrimoine culturel pour mieux appréhender sous tous ses aspects la tradition martiale ; 
-	La pratique du TaïChi QiGong Yoga Chinois® donne lieu à des acquis de compétences qui peuvent enrichir divers domaines ; exemples non exhaustifs : 
-	Le rapprochement, sur le plan personnel, avec sa nature et l'épanouissement de l'être global ; Une connaissance approfondie des mécanismes de la vie selon la tradition du Yoga Chinois, le développement des capacités individuelles de chacun ; 
-	Dans le domaine de l'éducation et des sports : développement psychomoteur (chez l'enfant ou chez l'adulte) , renforcement des capacités sportives, meilleure conscience de soi ; 
-	Le bien-être, l'entretien de la forme et la lutte contre le stress ; 
-	Pour les artistes (comédiens, danseurs etc ; ) et donc tous, le TaïChi QiGong Yoga Chinois ® offre un outil incomparable de connaissance de soi, de la relation avec le corps et son expression dans l'espace ;",Cranves-Sales,49  RUE DU CLOS DES MÉSANG,74380,https://www.ecolesakura.com
2022-09-19,LETOUCHERSHEN_ECOLE SHEN MING,ECOLE SHEN MING,"promouvoir tous les outils permettant le développement du potentiel humain
Promouvoir les arts énergétiques tels que le qi Gong, le tai qi, la méditation
Informer et former sur les disciplines bio naturelles
éduquer à l'aide des outils permettant la connaissance de soi (biomassage énergétique, énergétique chinoise, philosophie de la médecine traditionnelle chinoise entre autres) 	
Promouvoir la culture (lecture, cinéma, art
) pour ouvrir à la curiosité et à la créativité
voyager pour encourager l'ouverture à l'autre
Promouvoir d'une façon générale, tous les autres moyens susceptibles de faciliter le développement du potentiel humain",Saint-Julien-en-Genevois,5  AVENUE DES CONTAMINES,74160,http://letouchershen.com
2014-04-04,COLLECTIF DE CITOYENS DE CHENS SUR LÉMAN,COLCICHENS,"informer les Chensinois ; promouvoir la Démocratie participative à Chens sur Léman ; participer à l'accueil des nouveaux habitants ; participer du « mieux vivre » sur la commune de Chens sur Léman en favorisant les rencontres entre citoyens sans discrimination aucune ; mettre en place et coordonner des services marchands et non marchands dans le respect d'une éthique solidaire et de développement durable ; contribuer à l'animation du territoire en incitant au débat public, à la vie culturelle en s'inscrivant dans une démarche d'éducation populaire",Chens-sur-Léman,1199  route du lac,74140,citoyensdechens.sitew.fr
1980-06-24,ASSOCIATION FRANÇAISE D'ETUDES CHINOISES AFEC,ASSOCIATION FRANCAISE D'ETUDES CHI...,"maintenir et développer la recherche et les échanges entre chercheurs, le dialogue entre les différentes institutions universitaires existantes, notamment en matière de documentation, de publication et de traduction, les rapports avec les institutions françaises et étrangères intéressées",Aubervilliers,65 RUE DES GRANDS MOULINS,75013,https://afec.hypotheses.org
1984-11-19,COLLECTIF  LA MACHINERIE,COLLECTIF LA MACHINERIE,"fédérer et promouvoir l'activité artistique de ses membres au sein d'un collectif d'artistes, par le biais de spectacles, concerts, lectures, résidences, actions culturelles et activités pédagogiques, performances artistiques pluridisciplinaires et d'actions diverses liées à la création ; organiser des événements et manifestations artistiques et culturelles ; participer à des événements artistiques organisés par des tiers ; répondre à des appels à projets ; créer des actions de médiation culturelle par le biais d'ateliers d'initiation et de découverte artistique",Paris,47 RUE DU FAUBOURG SAINT ANTOINE,75011,http://www.lamachinerie.fr/
1985-08-09,CENTRE DJOHI YI JING,DJOHI CENTRE YI KING,"structure  d'étude, de recherches et de rencontre pluridisciplinaires sur la pensée chinoise du temps et du changement telle qu'elle est exposée en particulier dans l'ouvrage appelé Yi Jing ou classique des mutations",Paris,3 BIS RUE DES GOBELINS,75013,djohi.fr
1982-05-12,INSTITUT FRANCAIS D'AIDE A LA FORMATION PROFESSIONNELLE MARITIME IFPM,IFPM,"aider à la formation professionnelle maritime, au perfectionnement, à la promotion et au recyclage des gens de mer, en particulier en éditant ou en faisant éditer des ouvrages techniques maritimes en langue française ; apporter ainsi par son action une aide, non seulement aux marins et aux futurs marins, mais encore aux armateurs et aux constructeurs de navires et de machines marines français et contribuer au rayonnment de la technique maritime de la France notamment dans les pays francophones",Paris,8 ALLÉE DE LA BERTELOTTE,75015,http://aude.charbonnel.free.fr/webIFPM/?Pr%E9sentation:Historiqu
1992-05-05,ASSOCIATION SHEN WU,ASSOCIATION SHEN WU,"étude de la culture chinoise et en particulier la promotion des arts martiaux chinois internes, externes et énergétiques",Paris,4  Rue Auguste Perret,75013,www.shenwu.fr
1997-03-12,"ASSOCIATION SHENFA, SENS DU CORPS",ASSOCIATION SHENFA,"la pratique, l'enseignement, la recherche et le développement des connaissances sur les arts martiaux et énergétiques chinois principalement, puis les arts martiaux en général, les arts corporels, par le biais de cours, de stages, de séminaires, en France et a l'étranger, de productions d'articles, et en utilisant toutes formes existantes d'outils pédagogiques (vidéo, animation, vêtements etc",Villeneuve-Saint-Georges,24 QUAI DE LA LOIRE,75019,https://www.shenfa.org/
1997-12-18,ASSOCIATION EUROPEENNE DE LINGUISTIQUE CHINOISE EUROPEAN ASSOCIATION OF CHINESE LINGUISTICS,ASSOCIATION EUROPEENNE DE LINGUISTI...,promouvoir la recherche en linguistique chinoise et assurer une coordination efficace entre les chercheurs européens,Aubervilliers,5 COURS DES HUMANITÉS,93300,http://www.chineselinguistics.eu
2001-05-23,ACADEMIE DES PRATIQUANTS DES ARTS MARTIAUX CHINOIS,ACADEMIE DES PRATIQUANTS DES ARTS M...,"diffuser l'enseignement des techniques et pratiques des arts martiaux chinois dans un cadre laïque, ouvert à toute personne quelle que soit sa condition et son niveau de pratique",Paris,4  RUE DES ARÈNES,75005,kungfuchang.fr
2002-04-05,ELISE CARE,ELISE CARE,"organisation d'une aide médicale et psychologique d'urgence à destination, notamment, des populations blessées et déplacées par la guerre ou dans les milieux défavorisés ; dans ce cadre l'association promeut également l'utilisation des médecines complémentaires comme la médecine traditionnelle chinoise, le yoga, l'arthérapie etc ; l'association organise, dans le respect de la règlementation en vigueur, des formations gratuites à destination des équipes médicales, des psychologues et psychiatres, des éducateurs et travailleurs sociaux ( ; ; ; ) ; l'accès à l'emploi pour des rescapés de guerre à travers des programmes de développement générateurs de revenus, dans les domaines de l'artisanat et de l'agriculture, afin d'offrir aux civils des moyens d'autonomie ; les bénéfices générés sont investis dans les programmes humanitaires de l'ong afin garantir le fonctionnement des missions qui s'inscrivent sur le long terme ; afin de permettre la réalisation de ses objets, l'association mettra en œuvre tous les moyens qu'elle jugera appropriés, et en particulier l'organisation d'évènements de soutien,  des ventes aux enchères, des collectes de fonds nationales ou internationales,  toute activité lucrative accessoire (dont le montant des recettes d'exploitation encaissées au cours de l'année civile pour ces activités ne dépasse pas 76 679€ ) les moyens d'action de l'association sont la tenue de réunions de travail et d'assemblées périodiques, la publication de rapports, d'études scientifiques ou cliniques, la tenue à des congrès, et toutes les initiatives pouvant aider à la réalisation de l'objet de l'association ;",PARIS,28 BOULEVARD VAUGIRARD,75015,https://www.elisecare.org
2002-09-13,ENFANTS DU NINGXIA,ENFANTS DU NINGXIA,aider à léducation et au développement des enfants chinois issus de familles défavorisées,Paris,28  RUE HENRY MONNIER,75009,http://www.enfantsduningxia.org
2003-01-08,CENTRE DE SERVICES DE PARIS POUR LES ETUDIANTS CHINOIS EN FRANCE (CSPECF),FRANCE STUDY SERVICE,"aider de façon individuelle, les étudiants chinois qui sont déjà en France et ceux qui souhaitent y venir pour poursuivre leurs études, et de fournir notamment de différents services tels que élaborer un plan d'études adapté à leur niveau et à leur souhait ; sélectionner une université/école et une spécialité, et obtenir l'autorisation d'inscription aider à obtenir le visa d'entrée en France ; aider à trouver un logement et faire des démarches administratives ; aider à perfectionner leur niveau de français tout au long de leurs études ; aider à trouver un stage durant leurs études ; apporter des soins nécessaires aux étudiants mineurs ; organiser des rencontres entre les étudiants chinois et français ; de façon générale, veiller à ce que leur séjour se passe bien en France, et éventuellement, fournir des soutiens psychologiques qui s'avèrent de plus en plus indispensables ;",Paris 8e,"34, AVENUE DES CHAMPS-ELYSÉES",75008,http://www.francestudy.fr
2003-04-11,GREEN LOTUS - CREDDA (CENTRE DE RESSOURCES POUR LE DEVELOPPEMENT DURABLE EN ASIE),GREEN LOTUS CREDDA,"promouvoir le développement durable sur le continent asiatique, que ce soit par le soutien à des démarches existantes ou par le lancement dinitiatives propres ; cela passe par trois fonctions, un rôle de banque de données sur les enjeux écologiques, avec une démarche de collecte et diffusion dinformations sur la situation écologique, les risques en cours et les initiatives positives ; la mise en réseaux de lensemble des parties prenantes sur place et intéressées en Europe ; un soutien aux opérations favorisant le développement Durable en Asie, sinon même des initiatives de promotion, par une aide à la recherche de financements ; laide au montage de projets sur place, coopération, mise en réseaux, etc",Vincennes,36  Rue Robert Giraudineau,94300,www.green-lotus.org
2004-11-22,ASSOCIATION DES PROFESSIONNELS CHINOIS DU TOURISME (A.P.C.T),APCT,"promouvoir et favoriser les échanges entre les acteurs français et chinois dans le domaine du tourisme en France et en chine, par tous moyens, tels que rassemblement, réunion, concours, voyages, spectacles, diners, et autres manifestations similaires
, sans que cette liste soit exhaustive",Paris,88 RUE DE PROVENCE,75009,https://www.apct-france.com
2005-03-08,ASSOCIATION EURO ASIATIQUE POUR LA PROMOTION DES ECHANGES CULTURELS ET ECONOMIQUES (EAC),(EAC),Double objectif : d'une part un volet économique avec l organisation d'exposition commerciales et de colloques économiques et d autre part un volet culturel avec l organisation de manifestations artistiques basées sur l échange entre les cultures européennes et chinoises.,Arcueil,4 rue Henri Barbusse,94110,www.clubrac.com
2005-08-29,COLLECTIF DES EURASIENS POUR LA PRESERVATION DU CENTRE D'ACCUEIL DES FRANCAIS D'INDOCHINE (C.E.P.-C.A.F.I.),CEP- CAFI,"soutenir le droit à l'éducation et à la formation pour tous en luttant contre l'illétrisme et l'analphabétisme dans le cadre d'une société plurielle, en favorisant entre autres l'accès aux langues et cultures d'origine tel que le vietnamien, faire connaître et susciter des projets de formation ou de développement culturel, technique ou autre dans les pays d'origine et en particulier en Asie du Sud-Est, dans le cadre éventuel des procédures de jumelage entre collectivités territoriales, favoriser tout ce qui peut restituer la mémoire du passé (recherche, création de banque de données, publication des résultats de la recherche etc...), favoriser la préservation des sites ayant accueilli les rapatriés d'indochine, par l'accompagnement des projets en direction de la jeunesse et de la population vieillissante, la réalisation d'un ou de plusieurs objectifs fixés ci-dessus peut physiquement se dérouler en dehors de la localisation du siège de l'association, fournir des prestations en relation avec les manifestations culturelles et cultuelles organisées pour la promotion de l'association et/ou du CAFI",Paris,25 RUE VAUVENARGUES,75018,www.rapatries-vietnam.org
2008-12-18,KFAN,KFAN,promouvoir la culture chinoise et pour objet particulier d'enseigner le kung fu wutsu (bosxe chinoise),Nantes,4 RUE DU DOCTEUR VAN DER STAPPEN,44100,https://kfan.fr
2005-07-25,FEDERATION FRANCAISE DE MAH JONG (FFMJ),(FFMJ),"la fédération française de Mah-jong a pour objectif de promouvoir et d'organiser le développement du Mah-jong en France, plus particulièrement la pratique des règles officielles internationales dites (MCR) éditées par le comité sportif chinois en 1998 et plus récemment des règles japonaises dites Riichi ; néanmoins, les autres règles du jeu de mah-jong pourront être développées, en fonction de l'évolution du mah-jong en France",Paris,22 rue Robert Schuman,42330,http://www.ffmahjong.fr
2009-06-19,ZHONGFAYOUYI,ZHONGFAYOUYI,"promouvoir l'amitié franco-chinoise, en organisant des évènements conviviaux favorisant les échanges linguistiques, et culturels entre sinophones désirant apprendre le français et francophones possédant un niveau intermédiaire avancé en chinois",Paris,2  rue  beauséjour,92700,www.zhongfayouyi.com
2009-07-07,ESPACE DE COOPERATION POUR L'EDUCATION EUROPE-CHINE (ECEEC),ESPACE DE COOPERATION POUR L'EDUCA...,"introduire en Chine l'information pédagogique et culturelle de la France ; promouvoir la coopération pédagogique et culturelle entre la France et la Chine ; aider des étudiants chinois à connaître les actualités en France ; aider les étudiants chinois en France à bien s'y adapter à la vie ; donner  des informations et des conseils pratiques aux étudiants chinois ; aider des jeunes français qui s'intéressent à la culture chinoise, à apprendre le Mandarin ; organiser et enseigner les cours français aux Chinois",Paris,6  rue du Docteur Finlay,75015,http://mail:google/a/eceec.eu
2009-08-21,REPRESENTATION DE L'UNION DES FRANCAIS DE L'ETRANGER - UFE-CHINE,UFE - CHINE,"créer et maintenir un contact  étroit entre les français résidents en République Populaire de Chine (R.P.C) ; développer leur esprit de solidarité par sa mission d'accueil et d'animation ; leur apporter un soutien moral et concret, ainsi qu'une aide à leur installation en R.P.C., sous quelque forme que ce soit, conformement à l'esprit et aux règles associatives ; défendre leurs intérêts matériels et moraux et, plus généralement, resserrer les liens les liens d'amitié entre la France et la Chine, dans le respect absolu de la souveraineté de l'Etat chinois et de sa législation ; l'association et ses membres s'interdisent formellement toute ingérence dans le domaine politique et dans les affaires de l'Etat chinois",Paris,28  rue de Châteaudun,75009,www.pekin.ufechine.com
2009-10-29,ASSOCIATION ACTUARIELLE SINO-FRANCAISE - AASF,AASF,"faciliter les contacts et les échanges entre les membres, servir et aider les membres tant sur le plan professionnel que personnel, promouvoir les contacts entre l'association et les organisations externes, contribuer au développement des relations entre l'Europe et la Chine dans le domaine d'actuariat",Paris,3  rue de Solferino,92100,www.chineseactuary.net
2009-11-26,ASSOCIATION DES CHINOIS EN  FRANCE DANS LA FINANCE ET L'ASSURANCE- ACFFA,ACFFA,"promouvoir les échanges entre membres de l'association sur le plan personnel et professionnel faciliter la circulation de l'information entre membres sur les thèmes de l'assurance et de la finance et sur les échanges entre la Chine et la France ; constituer un réseau relationnel en lien avec le milieu de l'assurance et de la finance ; devenir un référent en matière des échanges en assurance et en finance entre la Chine et la France ; valoriser les compétences, le savoir faire et la double culture de nos membres auprès des entreprises et des organismes chinois et français ; améliorer la compréhension mutuelle des pratiques en matière d'assurance et de finance entre la Chine et la France",Paris,12 sentier de la Côte,78400,www.acffa.fr
2010-01-19,ASSOCIATION DU SHANXI EN FRANCE - A.S.F.,A.S.F.,"créer un pont d'amitié entre la province du Shanxi de la République Populaire de Chine et la France, par l'organisation d'expositions, visites, conférences et d'autres événements, pour l'objectif de promouvoir coopérations économique, éducative et culturelle entre le Shanxi et la France, et d'une manière générale entre la France et la Chine ;",Paris,86 BOULEVARD DE STALINGRAD,94400,http://www.shanxi.eu/
2010-02-17,FRENCH PRIVATE CLUB,FRENCH PRIVATE CLUB,"promotion des échanges culturels, et économiques entre la France et la Chine, en fournissant des services tournés vers les entreprises ou les personnes ; des services d'intermédiaire pour les organismes culturels, artistiques, des services d'organisation de rencontres, de visites d'expositions, de salons, de manifestations tel que mariages, généralement de toutes autres activités favorisant les échanges franco chinois",Paris,24  rue Nungesser et Coli,75016,http://www.frenche-private-club.fr
2010-04-08,LUMIERE DU TAO,LUMIERE DU TAO,promotion des arts martiaux chinois en France et développement des échanges avec la Chine ; lassociation pourra étendre ses actions à dautres domaines culturels ou sportifs ; lassociation a aussi pour objet de proposer et pratiquer des techniques naturelles de bien être,Paris,1  rue de la Grande Chaumière,75006,www.lumieredutao.fr
2010-04-20,ASSOCIATION CULINAIRE DU NORD DE LA CHINE (ACNC),ACNC,"directement ou indirectement ; introduire auprès des gourmands français et internationaux la culture culinaire chinoise, favoriser les échanges de culture culinaires sino-français, améliorer les connaissances nutritionnelles des nourritures",Paris,88  boulevard de l'Hôpital,75013,http://deliceshandong.com
2010-04-27,ASSOCIATION EUROPE - CHINE CULTURE & ECONOMY COMMISSION - FRANCE EUCNCF,EUCNCF,"renforcer les relation entre lEurope et la Chine en multipliant des échanges dan s les domaines économiques, scientifiques et culturels, de contribuer à une réelle connaissance et une meilleure compréhension mutuelle entre les européens et les chinois et de favoriser les dialogues et les rapprochements, tant entre les institutions culturelles, éducatives, scientifiques, les collectivités territoriales et régionales, quentre les entreprises et les sociétés civiles notamment en organisant des conférences, des forums et des manifestations qui associent partenaires européens et chinois sur des thématiques interculturels",Paris,10  rue Saint Marc,75002,www.eucnc.org
2010-05-05,HPPOL - AIDES AUX JOUEURS DE POKER EN LIGNE - (HELPPLAYERPOKERONLINE),HPPOL - (HELPLAYERPOKERONLINE),"venir en aide aux joueurs de poker en ligne ; aux parents ou amis qui ont leurs enfants de bas âge, cloîtrés dans leur chambre et jouant 24h/24 au poker en ligne ; les problèmes de comptes bloqués, d'exclusions, d'addictions et tous problèmes qui sont liés aux sites de poker, offre et demandes d'emploi, liées aux casinotiers",Paris,3 RUE PICOT,75116,http://www.hppol.com
2010-05-17,NTD TELEVISION FRANCE,NTD TELEVISION FRANCE,cette association a pour but de réaliser un pont entre l'Orient et l'Occident; d'adresser aux Chinois les informations fiables et non censurées; d'aider les Chinois d'outremer à s'intégrer dans le courant principal de la société ; de contribuer au pluralisme et à la libre information dans les médias en langue chinoise et française,Le    Vésinet,15  Place du Marche,78110,http://www.ntdtv.com
2010-12-09,RENDEZ - VOUS EN CHINE (RDV EN CHINE),RENDEZ - VOUS EN CHINE (RDV EN CHINE),"créer un grand espace transfrontalier déchanges interculturels et économiques sino français entre les particuliers, les entreprises et les collectivités",Paris,69  avenue Kléber,75116,www.rdvenchine.org
2011-02-04,YISHU 8,YISHU 8,"de créer et favoriser les liens et les charges culturels entre la France et la Chine ; elle créera notamment un prix attribué chaque année consistant en linvitation dun ou plusieurs artistes français ou étrangers à venir séjourner à Pékin dans le but de favoriser leur création au contact de la culture chinoise ; elle assurera également le développement de contacts auprès des musées, des fondations, de la presse artistique, des personnes privées et des entreprises et lorganisation dexpositions et de manifestations artistiques ; elle encouragera également la création douvrages en lien avec son objet",Paris,65  boulevard de Courcelles,75008,www.yishu-8.com
2011-02-17,THE EPOCH TIMES FRANCE,THE EPOCH TIMES FRANCE,"assurer la gestion financière dun journal écrit en langue française, de le distribuer aux populations sur tous supports appropriés ; dinformer la population française de lactualité du monde et tout particulièrement de celle de la Chine. Le journal THE EPOCH TIMES France souhaite la liberté dexpression, il sengage à respecter la vérité de linformation ; lassociation the epoch times France peut éditer et distribuer tous journaux, des revues publicitaires périodiques de toutes sortes y compris électroniques, numériques, vidéo et magnétiques, de tous supports dinformation et de publicité, distribution également dinformations, de données et dimages fixes ou animées, de logiciels de toute sorte par tous moyens y compris réseaux téléphoniques, câbles ou ondes, routages et prestations diverses",Paris,83  rue du Château des Rentiers,75013,www.lagrandeepoque.com
2011-04-08,ASSOCIATION RIVERSIDE,ASSOCIATION RIVERSIDE,"promouvoir le groupe de musique ""The Crying Machine"" ; organisation des évènements autour du groupes ""concerts° ; autoproduction du groupe et de ses créations musicales (édition, distribution)",Paris,19 - 21  rue Claude Tillier,75012,www.thecryingmachine.com
2011-11-04,COMSUN MEDIAS,COMSUN MEDIAS,"promouvoir et mettre en valeur léchange culturel sino-français ;  aider à la promotion artistique et culturelle, à la diversité culturelle et la mise en valeur de nouvelles expressions artistiques ;  aider à développer par les nouvelles technologies et les outils multimédias les activités culturelles et artistiques en tout genre à léchelle internationale notamment entre la chine et la France, tel que la photographie, la cinématographie, les peintures, les voyages, les publications culturelles, les spectacles, ainsi que toutes activités pouvant se rattacher directement ou indirectement à son objet social et culturel",Paris,14 boulevard de Sébastopol,75004,www.comsun.com
2011-11-22,QI MING XING,QI MING XING,"étudier, développer, promouvoir, transmettre les arts énergétiques chinois",Carrières-sur-Seine,34  rue Gabriel Péri,78420,http://reseau-arts-energetiques.fr/
2011-12-20,INSTITUT DES SCIENCES DE LA VIE ET DE LA SANTE DE CHINE ET DASIE (USCA PARIS CENTRE / INSTITUT PARIS CENTRE / USCA),USCA PARIS CENTRE,"organiser la constitution dun centre dexcellence de la formation et de recherche à lacupuncture, la pharmacologie chinoise, aux massages chinois, aux exercices physiques chinois (Daoyin, Qigong, Taijiquan), ensemble des pratiques de la médecine chinoise, ainsi que tous leurs dérivés ; elle organise lenseignement et les formations de perfectionnement, les congrès, les séminaires, les stages",Paris,10 rue Freycinet,75116,www.univ-sca.org/site-web/
2011-12-26,MEDECINE CHINOISE FRANCE,MEDECINE CHINOISE FRANCE,"regrouper les praticiens en médecine chinoise dans le but de négocier des assurances professionnelles, dorganiser des conférences, dorganiser une formation continue en médecine chinoise et de diffuser lannuaire de praticiens en médecine chinoise",Paris,14  rue des Cloys,75018,www.medecine-chinoise-france.fr
2012-01-15,SANTE ET MEDECINE CHINOISE,SANTE ET MEDECINE CHINOISE,regrouper les personnes intéressées par la médecine chinoise en France afin de les informer des choix thérapeutiques offerts par cette médecine ainsi que les possibilités de prise en charge par les organismes de santé ; organiser des conférences sur ce sujet et diffuser en ligne l'annuaire national des praticiens de santé de l'association Médecine Chinoise France,Paris 18e,14  rue des Cloys,75018,www.santeetmedecinechinosie.fr
2012-02-08,ALLIANCE SINO-EUROPEENNE POUR LES ENERGIES NOUVELLES (A.S.E.E.N.),ASEEN,"concourir au développement des énergies nouvelles à travers le monde, et plus particulièrement dans le cadre des coopérations sino-européennes ; favoriser, coordonner et organiser les actions répondant à l'objet de l'association dans les domaines de l'éducation, de la recherche, de l'industrie, de l'économie et de la politique ; rassembler toute personne physique ou morale partageant ses idées et ses objectifs sans distinction de nationalité",Paris,253  rue Saint Honoré,75001,www.aseen.org
2012-02-15,ASSOCIATION POUR LA RECHERCHE EN PSYCHOLOGIE ERGONOMIQUE ET ERGONOMIE (ARPEGE),ARPEGE,"faciliter les échanges entre les chercheurs menant des recherches dans le domaine de la  psychologie ergonomique et de l'ergonomie ; favoriser la reconnaissance et la diffusion de leurs travaux, à la fois sur les plans national et international ; promouvoir la formation des étudiants dans le domaine de la conception et l'évaluation des situations de travail et de vie ; améliorer les conditions de développement des recherches dans les institutions ; permettre que se développe une meilleure pluridisciplinarité, notamment avec des disciplines des Sciences de la vie (SDV), des Sciences pour l'ingénieur (SPI) et des Sciences de l'homme et de la société (SHS) ; promouvoir des échanges internationaux entre des chercheurs menant des recherches dans le domaine de la psychologie ergonomique et de l'ergonomie ; promouvoir des échanges et des partenariats avec différentes associations scientifiques et/ou professionnelles, notamment en psychologie, ergonomie, interaction humain- machine ; promouvoir la recherche en entreprise, notamment au travers de partenariats ; établir un lien durable entre la recherche et les besoins des entreprises",Paris 5e,17  RUE DE KERDERFF,56260,www.arpege-recherche.org
2012-03-20,ASSOCIATION ZI QIANG,ZI QIANG,"étude et promotion de la culture chinoise, et notamment
l'enseignement des arts martiaux chinois",Paris 13e,4  rue Auguste Perret,75013,http://www.ziqiang.fr
2012-05-31,ASSOCIATION DES DOCTORANTS CHINOIS EN FRANCE,ADCF,"assurer le service aux doctorants et chercheurs chinois en france ; promouvoir les échanges d'études, de pensées et de cohésion entre les doctorants et chercheurs chinois et les aider à résoudre les problèmes rencontrés dans les études, le travail et la vie, afin qu'ils puissent poursuivre et achever leurs études et leurs recherches en france ;",Paris,29 RUE DE LA GLACIÈRE,75013,http://NON/
2012-07-17,ARTTAO : CENTRE DES ÉCHANGES CULTURES ET ARTISTIQUES FRANCO-CHINOISE,ARTTAO,"faciliter l'échange de connaissances et d'informations dans tous les domaines cultures et artistiques, en particulier entre la France et la Chine ; organiser des spectacles et expositions artistiques, en Europe, en Asie, en Amérique ; élaborer d'une plateforme pour présenter des objets artistiques, notamment des tableaux, calligraphies et aussi pour réunir toutes personnes intéressées par les activités artistiques ; conseil, formation et prestation dans les domaines cultures et artistiques",Paris 14e,62  rue de la tombe issoir,75014,www.arttao.org
2012-12-04,MAGAZINE TASTE OF LIFE,TASTE OF LIFE,"éditer le magazine taste of life pour les Chinois en France et leur faire découvrir la culture française, le savoir-vivre et le savoir-faire français",Paris 13e,83  rue Château des Rentie,75013,http://tasteoflifemag.fr/
2013-02-11,THIRST4MACHINES - FABLAB DE L'ENSAPM,THIRST4MACHINES - FABLAB DE L'ENSAPM,constitution d'un fablab à l'ENSAPM : l'association demande une cotisation à ses membres dans le but de financer la constitution de ce fablab ; le fablab se constituera à travers l'achat de matériel et la constitution de base de données,Paris,10  square Chauré,75020,http://fablab.wp-digital-knowledge.net/
2013-04-15,"ASSOCIATION BISSONGO AGROFORESTERIE, HORTICULTURE & ENVIRONNEMENT",BISSONGO AGROFORESTERIE,"mobiliser les acteurs locaux et internationaux pour promouvoir des solutions écologiques comme leviers de développement économique durable et de lutte contre la pauvreté en France et au Burkina-Faso ; l'association s'attache à : oeuvrer pour la reforestation, lutter contre la déforestation et les émissions de gaz à effet de serre, promouvoir l'agroforesterie, et l'irrigation goutte à goutte, développer des solutions forages, biogaz et solaire portables, établir des filières fibres, tanins, colorants et matériaux végétaux innovants, défendre l'égalité du genre et prêcher l'écocitoyenneté; l'association pourra exercer toutes activités dont : transactions sur intrants et machines pour l'agriculture, retraitements des déchets, recyclages des surplus et biens de seconde main, intelligence, ingénierie, et toutes activités connexes concourant à la réalisation de son objet",Paris,7  rue Manin,75019,www.bissongo-agroforestry.com
2013-08-18,ECOLE DU WEN WU,ECOLE DU WEN WU,"diffusion des cultures traditionnelles chinoises au travers, notamment, de la pratique des arts martiaux internes et externes ; cette diffusion est large, obéit à une éthique et interdit toute discrimination d'origine, d'âge ou quelle qu'elle soit",Paris,27  rue Bouchardon,75010,http://zhangaijun.fr
2013-10-18,LART DE PARIS-CYAN,LART DE PARIS-CYAN,développement des échanges culturels entre la France et la Chine ; elle doit atteindre son objet à travers les activités suivantes : organisation dexpositions et de forums culturels ; communication autour dévènements et de réalisation artistiques et culturelles,Paris,4  rue de la Plaine,75020,www.artdepariscyan.com
2014-02-28,ASSOCIATION DES ENTREPRENEURS CHINOIS EN EUROPE (AECE),AECE,"apporter toute assistance aux adhérents ; organiser les conférences sur la théorie économique et des échanges économiques en fonction des problèmes rencontrés dans la gestion actuelle des entreprises ; orienter les entrepreneurs dans la stratégie du développement vers un niveau supérieur ; établir les échanges amicaux entre les adhérents et les entrepreneurs en Chine et dans d'autres pays étrangers ; promouvoir les méthodes de gestion modernes et de renforcer les échanges économiques et commerciaux ; créer des contacts entre les adhérents et la société ;  fournir des occasions d'investissement ;  leur fournir de l'aide juridique de résoudre les difficultés de gestion rencontrées  par les adhérents dans la mesure du possible et  défendre leurs intérêts ; créer une revue interne et par les moyens de communication comme revue INTERNET et autres, fournir le plus d'information possible aux adhérents ;  fournir des services variés pour le développement des collaborations économiques et technologiques et de créer ensemble les occasions commerciales ; organiser systématiquement des activités culturelles et touristiques pour les adhérents",Paris 1er,33  Rue réaumur,75003,www.ozhsw.com
2014-03-05,ASSOCIATION DE DEVELOPPEMENT DES ACTIVITÉS ENERGETIQUES ET PSYCHOCORPORELLES,ADAEP,"la promotion, la recherche, l'étude, l'enseignement, le développement des disciplines énergétiques issues des méthodes traditionnelles et contemporaines chinoises et japonaises (qi gong, bazi, 
) ainsi que les techniques psychocorporelles ; d'autres techniques similaires ou complémentaires orientales ou occidentales pourront être intégrées telles que la relaxation, les techniques d'entretiens corporelles",Paris 13e,9  RUE FRANÇOISE DOLTO,75013,http://hentqi.fr
2014-04-10,CHINA GATE,CHINA GATE,organiser des échanges culturels entre la Chine et l'Europe ; mettre en oeuvre des projets d'échange,Paris,14  rue Oudinot,75007,www.chinagate.fr
2014-05-20,LASSOCIATION EUROPEENNE DE LINVESTISSEMENT ET LEDUCATION INTERNATIONAUX,LASSOCIATION EUROPEENNE DE LINVES...,faciliter et promouvoir les échanges culturels entre lEurope et la Chine dans les domaines de léducation et linvestissement ; conseiller les personnes morales et physiques et faciliter un échange de compétences et de savoir faire dans le cadre linvestissement et de créations dentreprises ; organiser des évènements pour les échanges,Paris,76-78  avenue des Champs-Elysée,75008,www.aeiei.com
2014-05-21,ASSOCIATION FRANCE-CHINE CULTURES INTERACTIVES  - AFCCI,AFCCI,"promotion des échanges culturels et organisation d'activités telles que conférences, expositions, activités artistiques, spectacles festivités, échanges linguistiques, rencontres",Paris 15e,96 RUE D'ALLERAY,75015,https://www.journalfrancechineinfo.org/839
2014-05-22,ASSOCIATION FRANCO-CHINOISE POUR LA PROMOTION DE L'EDUCATION CULTURELLE ET ARTISTIQUE (AFCECA),AFCECA,développer et promouvoir l'éducation et des échanges culturels et artistiques entre la France et la Chine ; fournir de l'aide et du conseil aux adhérents étudiants pour leur scolarisation et installation en France,Paris,253  rue Saint honoré,75001,www.afceca.org
2014-06-01,L'ASSOCIATION FRANCE - CHINE POUR LA PROMOTION DE PROJETS INTERNATIONAUX (FCPPI),FCPPI,"concourir au développement de coopérations internationales à travers le monde, et plus particulièrement une coopération sino-française .
elle favorise, coordonne et organise les actions répondant à l'objet de l'association dans les domaines de l'éducation, de la culture, de la recherche, de l'industrie, de l'économie et de la politique ; l'association rassemble toutes personnes physiques ou morales partageant ses idées et ses objectifs sans distinction de nationalité",Paris 8e,2 avenue Paul Eluard,93000,www.fcppi.org
2014-06-20,FONDATION FRANCE CHINE - FFC- ASSOCIATION DE PREFIGURATION,FFC,"association dénommée fondation France Chine (ffc) - association de prefiguration, ci-après l'association, est un organe de réflexions et d'études créé à l'initiative de M. Gérard Houa, visant à développer la connaissance et la compréhension mutuelles entre la France et la Chine, dans les domaines politiques, économiques, commerciaux, environnementaux et culturels ; l'association vise à encourager toute action menée, tant en France qu'à l'étranger, sous quelque forme que ce soit, pour favoriser le développement des relations entre la Chine et la France",Paris,31   rue  de Metz,31000,www.avenir-france-chine.org
2014-07-16,ERGODIS,ERGODIS,"promouvoir une meilleure ergonomie des dispositifs de saisie, de pointage, et plus généralement des interfaces homme-machine ; elle s'attache aussi au bon respect des règles de typographie des langues pratiquées par ses adhérents ; les moyens utilisés à ces fins comprennent, mais ne se limitent pas à : la promotion d'une disposition de clavier alternative à l'azerty ou au qwerty ; la promotion de la dactylographie ; la promotion de la typographie française ; l'adaptation des outils informatiques utilisés sur différents supports (ordinateurs, tablettes, terminaux mobiles)",Paris,46 RUE AMIRAL MOUCHEZ,75014,http://ergodis.org/
2014-10-09,"CN KICK, CULTURE CHINOISE CONTEMPORAINE",CN KICK,"promouvoir la culture contemporaine chinoise pour oeuvrer à la cohésion sociale et à la lutte contre les discriminations envers les communautés chinoises ou apparentées, via une activité éditoriale (site web d'information sur la culture contemporaine chinoise), l'organisation de soirées, de rencontres et de conférences et/ou d'activités de sensibilisation, la vente d'objets, la publication d'annonces, la prestation de services et plus généralement toutes opérations industrielles, commerciales ou financières, mobilières ou immobilières, pouvant se rattacher directement ou indirectement à l'objet social, toute activité visant à promouvoir la culture chinoise contemporaine ou susceptible d'en faciliter l'extension ou le développement, la durée de l'association est illimitée",Paris 19e,142  boulevard de la Villette,75019,cnkick.net
2014-11-04,INSTITUT FRANCE CHINE POUR L'INNOVATION - IFCI,IFCI,promouvoir l'échange et la coopération entre la France et la Chine en matière d'innovation avec l'objectif d'assister les entreprises françaises et chinoises dans l'accélération de leur performance et plus particulièrement de contribuer au développement de l'activité en France ; ce qui signifie : organiser des évènements de formation et d'échange en méthodes et management de l'innovation ; accompagner des entreprises françaises pour le développement du marché en Chine de leurs produits-technologies innovantes ; assister des entreprises chinoises pour l'exploration des produits-technologies innovantes et leur implantation en France,Paris,23 rue Baptiste Renard,27350,www.ifci.fr
2014-12-17,ASSOCIATION INTERNATIONALE SHAOLIN BLACK AND WHITE,SHAOLIN BLACK AND WHITE,"promotion culturelle, sportive et économique (Afrique, Asie, Europe, Amérique) ; consulting ; organisation d'événements (spectacles d'arts martiaux, forums économiques et événements sportifs) ; organisation, production et diffusion de la culture shaolin, des arts martiaux Shaolin, et des arts martiaux en général, via les arts scéniques et cinématographiques, ou sous toute autre forme événementielle ; organisation de compétitions sportives aux niveaux national et international ; conception et dispense de programmes de formation et de coaching autour des arts de Shaolin, la culture chinoise, les arts martiaux, la danse, à destination de la jeunesse, des entreprises et du grand public ; mise à disposition des artistes de la troupe Shaolin black and white, les équipements nécessaires à leur entrainement sportif et artistique ; organisation de voyages de découverte et d'apprentissage de la culture Shaolin et des arts martiaux Shaolin, en France et à l'étranger, notamment pour les jeunes en difficulté",Paris,31-33 AVENUE DES CHAMPS-ELYSÉES,75008,http://shaolinblackandwhite.com
2015-02-05,ELEPHANT D'ART,ELEPHANT D'ART,"promouvoir les échanges culturels entre la Chine et la France ; aider les artistes chinois à exposer en France ; fournir notre expertise pour l'organisation d'expositions d'artistes français en Chine ; organiser grandes expositions caritatives à partir de 2015, l'intégralité des bénéfices seront reversés à des oeuvres de charités s'occupant d'enfants en situation de détresse ; organiser des expositions à but non lucratif, permettant aux jeunes artistes d'exposer en France et en Chine ; consolider l'amitié entre la France et la Chine ;  promouvoir l'art contemporain à un niveau international",Paris 13e,49  boulevard Vincent Auriol,75013,www.elephantartparis.com
2015-05-27,CENTRE INTERNATIONAL D'ART SINO-EUROPÉEN (CIASE),CIASE,"Promouvoir l'art européen en Chine, l'art chinois en Europe et le développement international d'art chinois et européen",Paris,3  rue Paul Fort,75014,www.ciase.eu
2015-08-13,COMITE CHINATOWN MARAIS - CCM,CCM,"promouvoir les commerçants et habitants du 3ème arrondissement de Paris ; favoriser le dialogue interculturel ; mettre en valeur la richesse des deux cultures françaises et chinoises ; apprendre à connaître ou approfondir ses connaissances sur la culture chinoise, apprentissage de la langue, la littérature, la calligraphie, la civilisation, la gastronomie, la musique , etc  ; apporter la solidarité intellectuelle et morale aux adhérents du comité ; renforcer les liens humains ; organiser des évènements, manifestations et rencontres interculturelles, sportives et touristiques",Paris,7  rue Notre Dame de Nazareth,75003,chinatownmarais.org
2016-01-27,FASHION ASSOCIATION FOR STYLE HATCHING (F.A.S.H.),F.A.S.H.,"aider les intéressées, par les informations et services proposés par les membres de l'association ou par ses autres partenaires ; a organiser les expositions et les conférences dans la domaine de la mode ; développer les échanges amicaux entre les adhérents et les entrepreneurs en Chine et en France ; créer une revue Internet et pourvoir le plus d'information possible aux adhérents ; organiser systématiquement des activités culturelles et touristiques pour les adhérents a des fins de networking",Paris 12e,20  rue de Cotte,75012,fash1.org
2016-02-15,INTUITION RH,INTUITION RH,accompagnement et le développement des compétences de la communauté française de Chine,Paris 8e,234 rue du faubourg Saint Honoré,75008,www.intuitionrh.com
2016-02-20,PETITES VAGUES,PETITES VAGUES,"promouvoir, développer, transmettre et diffuser la connaissance théorique et pratique des cultures occidentales, orientales et africaines (notamment dans leur dialogue interculturel) dans toutes leur formes d'expressions : langue, écriture, littérature, peinture, sculpture, architecture, photographie, calligraphie, design, cinéma, musique, théâtre, danse, chant, animation, bande dessinée, numérique, jardin, paysage, alimentation, cuisine, etc ; toutes disciplines scientifiques, pratiques, corporelles et du bien-être peuvent être mobilisées : histoire, archéologie, philosophie, esthétique, histoire des arts, critique, anthropologie, sinologie, médicine, gastronomie, sciences de l'environnement, sciences de la nature, neurosciences, etc ; arts énergétiques et martiaux  (qi gong, tai je quan, do in, yoga, etc), massage (tuina, shiatzu etc), méditation, etc ; elle intervient au niveau local, national et international",Paris 9e,53  rue Rochechouart,75009,http://petites-vagues.blogspot.fr
2016-07-12,MALASTRANA COMPAGNIE,MALASTRANA COMPAGNIE,"création, production, diffusion, la promotion et la programmation de spectacle de théâtre, de spectacle vivants pluridisciplinaires, et de tout autres animations ou manifestations artistiques, favoriser la création de dramaturgie et leurs représentations, organiser des ateliers artistiques et des cours technique se référant au théâtre et à l'audiovisuel, concevoir décors, machineries, scénographie et marionnettes et réaliser des effets spéciaux, scéniques, audio et vidéo, développer des partenariats avec toute structure publique, para publique, associative ou privée",Paris,50  rue de la Goutte D'or,75018,http://www.malastranacompagnie.com
2016-12-13,OBJETS IMPRIMÉS,OBJETS IMPRIMES,"cette association a pour objet de sensibiliser les gens et/ou donner un regard différent sur l'édition par le biais de création d'objets imprimés ; impression d'objets (affiches, livres, etc ; ) ; animations, workshops ; exercice d'activités économiques reversés à l'association pour la mise en place de nouveaux projets (achats de machines, location de lieux, possible versement à des auteurs, etc ; ) ; les moyens d'actions de l'association pour mener à bien son objet impliquent des activités économiques telle que la vente d'objets imprimés (par internet, par la participation à des salons spécialisés, etc ; )",Paris,164  rue DES PYRENEES,75020,http://revuelesombres.com
2017-05-17,L'A.CORPS DE L'ENERGIE,L'A.CORPS DE L'ENERGIE,"transmettre, promouvoir et développer le Taïchi Chuan ainsi que les arts énergétiques et martiaux chinois et toutes activités liées au bien être et à la santé et au développement personnel",Paris,6  RUE EMILIO CASTELAR,75012,http://lacorpsdelenergie.fr
2017-06-11,ENSO SPACE,ENSO SPACE,"créer et développer un environnement professionnel, culturel et éducatif égalitaire à destination des femmes et des enfants en Chine",Paris,51  RUE DE TURENNE,75003,http://www.ensospace.com
2017-09-03,L'ASSOCIATION DES EXPERTS FRANÇAIS ET CHINOIS (AEFC),AEFC,"promouvoir les savoirs et les savoir-faire des experts français et chinois dans les sciences, les technologies, l'économie et le droit et le commerce, les arts et les arts culinaires ; organiser des rencontres, des visites, des formations, des conseils, des études pour les entreprises françaises et chinoises en général, ainsi que tous entrepreneurs souhaitant être initiés aux savoirs des experts français et chinois ; les experts français et chinois collaboreront en France ou en Chine et en tous lieux : laboratoires, bureaux d'études ou de développement, site de productions et de vente, création de produits ou de locaux ; les experts chinois conseilleront les experts français dans les démarches compatibles avec la culture et les traditions chinoises, de même leurs collègues français conseilleront les experts chinois dans les démarches compatibles avec la culture et les traditions françaises France en tous lieux",Paris,42  BOULEVARD SAINT GERMAIN,75005,http://www.aefc-france.org
2017-09-15,AIMFC-ASSOCIATION INTERNATIONALE DE LA MODE FRANCO-CHINOISE,AIMFC,"promouvoir les échanges culturels de la mode franco-chinoise ; aider au développement international et ou la création, la technique, le savoir-faire et l'artisanat traditionnel sont concernés ; faciliter et accompagner les professionnels de la mode à effectuer le développement sur le plan international au travers du service ou de l'événement culturel, technologique, artisanal, stratégique et professionnel",Paris 4e,9  RUE DES ARCHIVES,75004,https://www.yin.paris/aimfc
2017-09-28,VOIX MACHINE,VOIX MACHINE,"favoriser le lien social, le vivre ensemble, l'entraide à travers le partage des savoir et l'accès aux pratiques artistiques, notamment via la diffusion et formation à la production sonore et audiovisuelle ; favoriser les rencontres et le dialogue entre des individus de tous âges, horizons et cultures, autour des thématiques sociales centrées sur la solidarité, la diversité culturelle ou la lutte contre les exclusions ; l'action de l'association peut s'inscrire en complément et en synergie avec tout acteur pouvant concourir à son objet ;",Fontenay-sous-Bois,9 BIS RUE DES MOCARDS,94120,http://voixmachine.com
2018-01-22,PHOTOGRAPHY OF CHINA (POC),POC,"cette association à vocation culturelle uvre pour la mise en valeur du patrimoine photographique avec un ancrage dans le domaine de la culture chinoise ; elle tend vers la diffusion des connaissances en proposant une vision alternative de la Chine à travers les yeux de ceux qui aiment la photographie ; l'activité de l'association s'appuie sur la présentation au public d'un journal et de ressources documentaires variées accessibles gratuitement en ligne, tout en conduisant une activité de veille et de conseil en matière de curation de la photographie ; cette mise à disposition de l'information visuelle et textuelle à la fois spécialisée et démocratisée est réalisée principalement en anglais et chinois, par souci de large diffusion et de dialogues entre les cultures ; les initiatives développées par l'association s'inscrivent dans le cadre de collaborations artistiques, institutionnelles et scientifiques en France comme à l'étranger",Paris,15  RUE PAUL BERT,75011,http://photographyofchina.com/
2018-01-19,ASSOCIATION DE LA MISSION ARCHÉOLOGIQUE FRANCO-CHINOISE SANS LE NORD-EST DE LA CHINE,ASSOCIATION DE LA MAFNEC,"mise en valeur du patrimoine archéologique et historique de toutes périodes (du Néolithique à l'époque moderne) dans la région Nord-Est de la Chine (l'ancienne Mandchourie) ; L'association propose de diffuser l'avancée des recherches archéologiques de la MAFNEC  à la communauté scientifique et au grand public (tels que par l'organisation et la réalisation d'opérations archéologiques de terrain,  à travers des journées portes ouvertes, par la transmission des découvertes et des informations relatives à l'activité de l'association sur le site internet (http : //mafnec ; hypotheses ; org) , par la tenue de cycles de conférences ou la création d'expositions photographiques et la publications des résultats) ;",Paris 5e,52  RUE DU CARDINAL LEMOINE,75005,https://mafnec.hypotheses.org/
2018-02-25,AFRIQUE CHINE EUROPE - ACE,AFRIQUE CHINE EUROPE - ACE,"promouvoir un cadre de coopération entre l'Afrique, la Chine et l'Europe ouvert sur le monde, pour un développement économique, culturel et social harmonieux",Paris,10 allée des Mésanges,94350,http://ace-consulting.org/
2018-03-01,MY CRAZY PARIS,CRAZYPARIS,organisation des évènements et conférences ; organisation des activités des étudiants ; organisation des sorties des étudiants ; le guide des bons plans pour la communauté chinoise ; Média digital chinois ; Echange franco-chinois,Paris,60  RUE DU VERTBOIS,75003,http://www.mycrazyparis.com
2018-03-28,MACHINE THEATRE,MACHINE,"promotion et valorisation de la culture et de l'art, par la création, la production, et la diffusion de spectacles vivants et notamment de théâtre, et par la mise en place d'ateliers, de stages et de workshops ouverts au public ;",Paris,223 RUE SAINT JACQUES,75005,http://www.machine.theater
2018-05-17,L'INSTANT TAI CHI,L'INSTANT TAI CHI,"transmettre, promouvoir et développer le Tai Chi Chuan ainsi que les arts énergétiques et martiaux chinois , et toutes activités liées au bien-être et à la réalisation personnelle",Paris,4 AVENUE EDOUARD VAILLANT,93310,http://linstanttaichi.fr/
2018-06-13,DEEPNET,DEEPNET,"regrouper chercheurs, scientifiques, ingénieurs, cadres, techniciens, étudiants, ainsi que toutes personnes qui s'interrogent de manière citoyenne ou professionnelle sur le développement scientifique et technique de l'intelligence artificielle (machine learning et réseaux de neurones en informatique par exemple) former des profils dans ce domaine afin de résoudre des problèmes sociaux ou économiques ; Ainsi permettre un développement positif de la société coopérer avec des acteurs locaux (association, organismes, institutions
) mais aussi avec des acteurs étrangers ayant des buts similaires ou connexes",Paris,3 RUE LAMBLARDIE,75012,https://deepnet.fyi
2018-08-30,BIEN-ETRE ET BIORESONANCE,BIEN-ETRE ET BIORESONANCE,"le rééquilibrage de points énergétiques visant à améliorer le bien-être physique et moral des personnes à l'aide d'une machine de bioresonance ou de techniques manuelles ; faire connaître les bienfaits de la médecine quantique, la biorésonance et les médecines parallèles ;",Paris,9 RUE LACHARRIERE,75011,https://www.bioresonanceparis.com/
2018-09-18,SINO-EUROPEAN ASSOCIATION OF EDUCATIONAL & CULTURAL EXCHANGE,SEAECE,"favoriser, par tous les moyens appropriés, y compris l'éducation ( Étudiant et Entreprise ) et la culture, entre la Chine et les pays membres de l'Union Européenne elle s'interdit tout but lucratif, toute action d'ordre politique et toute autre activité commerciale pour son propre compte, autre que la vente de ses propres événements, services et publications",Paris,38  RUE PASCAL,75013,http://www.seaece.com
2019-01-22,ALLIANCE CHINOISE FORMATION,ACF,"effectuer les échanges franco-chinois linguistiques et culturels, notamment la formation du chinois au titre onéreux ; d'aider toute personne intéressée dans l'apprentissage de la langue chinoise et d'agir à travers de multiples activités pour une compréhension mutuelle de la culture française et chinoise ;",Montigny-le-Bretonneux,5 MAIL DES THUYAS,78180,https://www.acfclangues.com/
2019-04-01,IGEM UNIVERSITE DE PARIS,IGEM UPARIS,"cette association a pour objet de soutenir les étudiants de l'université de Paris participant au concours igem (international genetically engineered machines), promouvoir la collaboration internationale dans le cadre d'un concours étudiant ainsi qu'entre les différents laboratoires et centres de recherche, et mettre en valeur le champ de recherche émergent de la biologie de synthèse ou de tout autre projet similaire ;",Paris,44 RUE DE LA BOUILLONNE,77380,https://biomedicale.u-paris.fr/igem-page/
2019-05-29,FCP FRANCE CHINA PARTNERSHIP,FCP FRANCE CHINA PARTNERSHIP,"organiser des partenariats culturels, artistiques, sportifs, scientifiques, médicaux, éducatifs et commerciaux entre la France et la Chine",Paris,191  AVENUE DAUMESNIL,75012,http://www.fcpasso.net
2019-06-29,SOANA YOGA,SOANA YOGA,"favoriser le bien-être à travers la réconciliation des médecines modernes et ancestrales, notamment occidentales et orientales, par, l'organisation de cours et ateliers de yoga, de méditation et de respiration particuliers ou collectifs ; l'organisation de sessions de médecines ancestrales et alternatives comme l'ayurvéda notamment via des ateliers de cuisine ayurvédique et séances de massages ayurvédiques ; la mise en place de méthodes innovantes intégrant les NTIC, l'intelligence artificielle, le machine learning et la robotique au sein d'établissements sanitaires et sociaux en France et à l'étranger, notamment en Amérique du Nord ; l'organisation et la promotion de séjours santé et bien-être, en France et à l'étranger, en particulier en Inde et en Amérique du Nord et du Sud ; la transmission du savoir par des formations des connaissances et des méthodes de Soana Yoga",PARIS,136  AVENUE DAUMESNIL,75012,https://www.soanayoga.com
2020-02-26,CLUB DES CINÉASTES FRANCE-CHINE (CCFC),CCFC,"mettre en relation des personnes, des sociétés et des organisations issues de France et de Chine, dans l'objectif de faciliter, promouvoir, développer les liens amicaux, culturels et d'affaires au sein des professions du cinéma et plus particulièrement, du Jeune cinéma",Paris,98 AVENUE DE SUFFREN,75015,http://www.clubcineastesfrancechine.com
2020-03-25,ENSEMBLE FRANCE CHINE,ASSOCIATION EFC,"l'association mettra tout en uvre afin d'aider et offrir aux personnes malades ou devant se protéger les produits et les moyens nécessaires pour se soigner; de former et d'informer sur l'art de vivre, les us et les coutumes français et chinois; de favoriser l'accès à l'expérience culturelle au travers d'évènements et de communication; 
et tous les autres moyens susceptibles de concourir à la réalisation de son objet social",Paris,150  RUE DU TEMPLE,75003,https://www.ensemble-france-chine.org
2020-04-04,ENSEMBLE FRANCE CHINE,EFC ASSOCIATION,"l'association mettra tout en uvre afin ; d'aider et offrir aux personnes malades ou devant se protéger les produits et les moyens nécessaires pour se soigner ; de former et d'informer sur l'art de vivre, les us et les coutumes français et chinois ; de favoriser l'accès à l'expérience culturelle au travers d'évènements et de communication ; et tous les autres moyens susceptibles de concourir à la réalisation de son objet social",Paris,150  RUE DU TEMPLE,75003,https://www.ensemble-france-chine.org
2020-06-23,SONAL SINOR,SONAL SINOR,"développer des relations actives entre des artistes de tous domaines artistiques afin de produire des spectacles produire des manifestations produire des créations produire des expositions produire des documents par supports écrits, scénique et audiovisuels concevoir des spectacles concevoir des manifestations concevoir des créations concevoir des expositions concevoir des documents par supports écrits, scénique et audiovisuels réaliser des spectacles réaliser des manifestations réaliser des créations réaliser des expositions réaliser des documents par supports écrits, scénique et audiovisuels diffuser des spectacles diffuser des manifestations diffuser des créations diffuser des expositions diffuser des documents par supports écrits, scénique et audiovisuels concevoir, organiser, diriger des ateliers de création artistique auprès de tous publics",Paris,104 BOULEVARD DE ROCHECHOUART,75018,http://sonalsinor.com
2020-08-20,ASSOCIATION DES ECRIVAINS SINO-EUROPEENS,ASSOCIATION DES ÉCRIVAINS SINO-EUROPEE,"promouvoir l'échange d'écrivains entre la Chine et l'Europe (surtout la France) ; promouvoir les écrivains chinois et européens pour organiser des activités dans les villes chinoises et européennes (en particulier Paris, Pékin, et Shanghai) ; aider les jeunes écrivains chinois et européens à se connaître, à apprendre les uns des autres et à progresser ensemble ; promouvoir les échanges dans le domaine de la littérature entre la Chine et l'Europe (surtout la France) ; dans les grandes salons du livre (tels que le salon du livre de Paris et le salon du livre de Shanghai) , aider les jeunes écrivains delà à obtenir des opportunités d'exposition ; promouvoir l'introduction du livre français en Chine et la publication de traductions en chinois ; 
promouvoir l'introduction du livre chinois en France et la publication de traductions en français",PARIS,7 RUE DES FEUILLANTINES,75005,www.centaure.com
2020-11-26,BALI HUTONG (LES HUTONG DE PARIS),BALI HUTONG,"proposer aux visiteurs chinois une expérience exclusive et authentique de Paris et de la France à travers la rencontre avec un (e) français (e) local (e) dynamique et passionné (e) qui parle leur langue couramment, qui connaît leur culture et qui a à coeur de mettre en avant le patrimoine historique, architectural et artistique français, à travers un discours informatif et teinté d'humour, et qui met en parallèle l'Histoire de France avec l'Histoire de la Chine,  lors de visites guidées de quartier (Notre-Dame, quartier latin) , de musées (Louvre, Orsay, Orangerie) avec accès coupe-file inclus, et de visites privées sur mesure ; former en continue d'autres jeunes français parlant couramment le chinois mandarin en Histoire et Histoire de l'Art, notamment par des professeurs émérites de Sorbonne Université spécialistes de la Grèce antique, et en Art de la Scène, notamment par de célèbres acteurs comiques chinois spécialistes de la rhétorique, pour garantir une transmission de savoir la plus exacte possible en respect des preuves historiques et archéologiques, appuyée par une prestance et un art du discours rendant l'échange avec les visiteurs plus vivant, chaleureux, riche et cordial",Paris,59  BOULEVARD VICTOR,75015,https://www.balihutong.com
2021-02-22,RESTO CLUB CHINOIS EN FRANCE,RCCEF,"initier ou appuyer les coopérations franco-chinoises dans le domaine resto organiser les échanges et les réflexions sur les principales actualités resto des deux pays ; aider, par l'intermédiaire de ses membres et de ses manifestations, les entreprises chinoises sur le plan économique dans leur approche des marchés français ;",Paris,4  RUE MARGUERITE BOUCICAU,75015,http://restoclub.org
2021-06-15,KUOMINTANG,KMT,d'aider tous les chinois vivant en France à s'intégrer dans la société française et à y vivre en harmonie avec toutes les autres communautés; de promouvoir les activités sportives parmi les jeunes; d'organiser des stages et des formations linguistiques gratuites; de promouvoir les échanges culturels et la transmission intergénérationnelle de la culture traditionnelle ,Paris,12  RUE MONGE,75005,http://www.guomindang.org
2021-07-09,MEET IN PARIS,LE GUIDE CHINOIS,"l'association a pour objet le développement et la promotion du tourisme culturel et de loisirs par l'organisation et réception de voyages entre Chine et France, de conférences, de séjours tant en France, ainsi que de toute activité connexe; l'association a
également pour but : introduction aux attractions, marques et salons français",Paris,4  RUE MARGUERITE BOUCICAU,75015,https://meetinparis.com
2021-07-23,ASSOCIATION CULTURELLE FRANCO-CHINOISE,ACFC,développer et enrichir les échanges culturels entre la Chine et la France,PARIS,31 BOULEVARD DES BATIGNOLLES,75008,https://www.ateliersfrancochinois.com/
2021-09-23,ASSOCIATION SINO-FRANÇAISE D'ART CONTEMPORAIN,ASFAC,"favoriser les échanges culturels entre la Chine et la France par expositions d'uvres, défilé de designer de mode, formations artistiques ; renforcer la compréhension mutuelle et la coopération entre la Chine et la France par les échanges culturels et artistiques ; offrir une plateforme professionnelle pour les échanges culturels et d'art contemporain",Paris,24 RUE MERTENS,92270,http://www.asfac-art.com
2023-01-09,ASSOCIATION D'ETUDES SINO-EUROPEENNES EN JADE ARCHAIQUE,AESEJA,"échanger des objets, des collections, de la documentation en jade archaïque ; partager des expériences, des conseils ; organiser et créer des expositions de collections ; toute autre activité contribuant à l'objet de l'association ;",Paris,19 rue Blondel,75002,http://www.jade-archaique.com
2023-03-09,LES PETITS TRILINGUES,LES PETITS TRILINGUES,"enseigner chinois, anglais, français et dessin",PARIS,161 AVENUE DE CHOISY,75013,https://lespetitstrilingues.com
2023-04-15,CUBE [C³] - ASSOCIATION DES CRÉATIONS CULTURELLES ET CINÉMATOGRAPHIQUES DE HONG-KONG,CUBE,"promouvoir le cinéma, le théâtre et la musique contemporaine (pop et indépendante) de Hong-Kong, ainsi que la culture pop, la langue cantonaise et les différentes créations artistiques contemporaines de Hong-Kong en France ; Améliorer le réseau et le marketing des nouveaux ou nouvelles artistes (ou créateurs, créatrices) indépendants de Hong-Kong dans les régions francophones ; Faciliter le sens multiculturel des artistes (ou créateurs, créatrices) de Hong-Kong, en organisant des projets artistiques en collaboration avec des artistes et communautés différentes en Europe ; Prioriser (mais pas limiter) nos ressources sur les auteurs portant un caractère artistique unique, ou les idées particulières sur l'humanité, ou dont oeuvres peuvent montrent la particularité de l'histoire, la société ou la culture de Hong-Kong ;",Paris 14e,39  RUE GASSENDI,75014,https://www.cube-c3fr.org/
2023-10-31,ASSOCIATION SINO-EUROPEENNE BUCCO-DENTAIRE,ASEBD,développement d'activités d'échange et de formation en médecine bucco-dentaire ; promotion de la recherche médicale ; vulgarisation des connaissances en matière de prévention et de traitement dentaire ; assistance caritative sociale,PARIS,66  AVENUE DES CHAMPS-ÉLYSÉES,75008,https://asebd.org/
2023-11-02,UVA - UNITED VOICE ARTISTS,UVA - UNITED VOICE ARTITS,"fédération internationale de guildes, d'associations et d'organisations professionnelles de comédiens de la voix enregistrée qui se sont unies afin de ; poursuivre leurs objectifs communs de protection et de préservation de l'acte de création par l'enregistrement de la voix humaine, au sein des industries de la culture, des médias, de la publicité et du divertissement ; protéger et de favoriser, sur le plan exclusivement professionnel, les intérêts artistiques, économiques, sociaux et légaux des comédiens enregistrant des doublages et des voix off organisés dans les guildes, associations et organisations associés ou affiliés à la fédération UVA - UNITED VOICE ARTITS dans des buts particuliers ; protéger le travail des acteurs et la créativité humaine ; défendre le patrimoine artistique de la créativité et de l'émerveillement, un bien que les machines et les logiciels ne peuvent pas générer ; sauvegarder les droits de propriété intellectuelle, économiques et moraux des artistes de la voix sur leurs œuvres et l'instauration de mesures de protection à l'échelle nationale et internationale ; protéger les données personnelles des acteurs ; faire respecter les droits des artistes ; collaborer avec les décideurs mondiaux ; établir des réglementations qui alignent l'utilisation des technologies sur la créativité humaine et le respect absolu de la législation en matière de protection des données et de la vie privée, comme le règlement général sur la protection des données (RGPD) ou la loi sur l'intelligence artificielle (AI Act) en Europe ; soutenir les identités culturelles et les acteurs vocaux qui font partie du patrimoine culturel de leurs communautés ; protéger le rôle qu'ils jouent dans la conservation de l'identité collective ; établir des statistiques, des veilles juridiques des pratiques professionnelles et des changements dans les méthodes de travail qui peuvent être utiles aux organisations membres ; échanger des informations entre les organisations membres sur la situation de la profession et son évolution dans les pays concernés, publier des périodiques et d'autres documents relatifs aux intérêts des membres ; développer et gérer une plateforme web professionnelle à but non lucratif fournissant des informations et des ressources sur la profession de comédien, notamment pour l'enregistrement de voix off et de doublage pour le cinéma, la télévision et les vidéos commerciales et d'entreprise, ainsi que la présentation de talents ; promouvoir la diversité, y compris le suivi des efforts et des mesures visant à garantir l'égalité des chances en matière d'emploi et la non-discrimination fondée sur le sexe, la race, la couleur, l'origine ethnique ou sociale, les caractéristiques génétiques, la religion ou les convictions, les opinions politiques, l'appartenance à une minorité nationale, le handicap, l'âge, l'orientation sexuelle, l'identité ou l'expression de genre ; soutenir des organisations membres dans leurs efforts pour défendre les principes établis par la fédération UVA - UNITED VOICE ARTITS, lorsqu'une assistance est nécessaire au-delà de la capacité de l'organisation membre ; tenir des assemblées générales et des conférences ; maintenir un fonds destiné à promouvoir les buts et objectifs et à couvrir les frais de l'administration de la Fédération UVA - UNITED VOICE ARTITS",Paris,16 rue Michal,75013,https://www.unitedvoiceartists.com
2023-12-11,CHINA EUROPE INTERNATIONAL COOPERATION ACADEMIC COMMITTE,CHINA EUROPE INTERNATIONAL COOPERATION,"cette association pilote plusieurs projets visant à renforcer les partenariats académiques et technologiques entre l'Europe et la Chine ; ces initiatives comprennent le projet studio d'experts pour les collaborations de recherche, le projet de demande de fonds de r&d du gouvernement chinois offrant un processus de demande de financement simplifié pour les experts européens en Chine, ainsi que le projet de station de travail des académiciens permettant aux chercheurs européens d'établir des postes de travail dédiés en Chine ; elle a donc pour mission faciliter la collaboration académique et technologique, notre première mission consiste à encourager et à faciliter la collaboration entre les institutions académiques et les experts technologiques en Europe et en Chine ; nous cherchons à créer des opportunités de recherche conjointe, de partage de connaissances et d'innovation entre les deux régions ; 
simplifier le processus de financement pour la recherche, nous nous engageons à simplifier et à rendre plus accessible le processus de demande de financement pour les experts européens travaillant en Chine ; notre mission inclut la gestion du projet de demande de Fonds de r&d du gouvernement chinois, visant à offrir aux chercheurs européens un accès fluide aux ressources nécessaires pour leurs projets de recherche ; favoriser l'établissement de collaborations à long terme, notre troisième mission est de favoriser des partenariats durables en facilitant la création de postes de travail dédiés pour les chercheurs européens en Chine grâce au projet de station de travail des académiciens ; en encourageant une présence physique et continue, nous visons à renforcer les liens entre les communautés académiques des deux continents et à promouvoir l'échange culturel et scientifique ;",Paris,166  RUE SAINT DENIS,75002,https://ceicac.org/
2024-10-11,ASSOCIATION FRANCO-CHINOISE D'ART ET DE CULTURE,AFCAC,"promouvoir les échanges artistiques et culturels entre artistes chinois et français, encourager la coopération artistique bilatérale, favoriser les échanges académiques entre critiques d'art et universitaires, offrir une plateforme de rencontre pour les créateurs, faciliter la participation des artistes à des événements culturels majeurs",Paris 8e,11  RUE DU GÉNÉRAL PERSHING,78000,http://www.afcac.fr
2024-10-30,ASSOCIATION ATOUT CHINE,ATOUT CHINE,"développement des échanges amicaux entre la France et la Chine dans secteurs éducatif, culturel, sportif, économique et commercial",Paris,62 RUE MONGE 75005,75005,https://atout-chine.fr/
2025-03-27,TAO YI,TAO YI,"promouvoir la Médecine Traditionnelle Chinoise (MTC) en tant qu'approche holistique de la santé et du bien-être ; Éduquer les individus sur les principes fondamentaux de la MTC, notamment l'équilibre énergétique, la prévention des maladies et l'harmonie entre le corps et l'esprit ; 
Enseigner des techniques d'auto-soin accessibles à tous, telles que l'acupression, la diététique chinoise, la respiration, et les exercices énergétiques (Qi Gong, Tai Chi, etc ; ) ; 
Sensibiliser le public à l'importance d'un mode de vie sain et équilibré, en harmonie avec les cycles naturels et les principes de la MTC ; 
Organiser des ateliers, formations, conférences et événements pour diffuser les connaissances et pratiques de la MTC ; Accompagner les individus dans leur démarche de changement personnel et collectif vers une meilleure compréhension de la santé et du bien-être ; Favoriser les échanges culturels et scientifiques autour de la MTC et des pratiques de santé traditionnelles",Paris 11e,87  BOULEVARD DE CHARONNE,75011,https://taoyi.info/
2009-04-01,LEVONS-NOUS TOUS POUR RENAUD,LEVONS-NOUS TOUS POUR RENAUD,"collecter des fonds afin de permettre à Renaud Trotel, âgé de 24 ans, devenu tétraphlégique suite à un accident en juillet 2007, de bénéficier d'une thérapie de cellules souches dispensée par la sté de biotechnologie ""Beike Biotechnology Company"" située à Shenzhen (Chine)",Bracquemont,1  rue de Belleville,76370.0,www.deboutrenaud.free.fr
2012-05-08,CHICHI FACTORY RESCUE,CHICHI FACTORY RESCUE,"sauver les chihuahuas et chiens chinois principalement réformés d'élevage, afin de les faire stériliser, les soigner (physiquement et psychologiquement si nécessaire), les éduquer, les sociabiliser et les choyer en espérant leur trouver de futurs adoptants aimants, disponibles et responsables lorsqu'ils seront prêts à l'adoption ; notre porte reste cependant ouverte à tout chien en détresse, toute race confondue, pour autant qu'il soit de petite taille ; en parallèle du sauvetage, sensibiliser le grand public à la responsabilité qu'engendre la prise en charge d'un animal domestique (soins, éducation, importance de la stérilisation, adopter vs acheter, etc) ainsi qu'à la négligence et abus présents dans certains élevages et animaleries, où le fait d'y acheter un chiot ne fait que donner raison à des pratiques barbares et véreuses ; blog interactif visant à être informatif et où les membres partagent leur expertise",Argueil,4  route d'Aubermesnil,76780.0,http://www.chichifactoryrescue.com
2012-11-13,QI DAO NORMANDIE - BRAY QI GONG,BRAY QI GONG,promouvoir la gymnastique traditionnelle chinoise et arts énergétiques par le biais de séances d'activités physiques en favorisant l'épanouissement et le développement de chacun des adhérents dans le respect des principes de la mise en condition et amélioration de leur état physiologique et physique,Neufchâtel-en-Bray,rte de Quièvrecourt,76270.0,http://qi-dao-normandie-bray-qi-gong.e-monsite.com/
1995-05-12,ÉCOLE CLÉONNAISE DE BOXE CHINOISE,E.C.B.C.,pratique du Kung-Fu et du Taï Chi Chuan,Cléon,rue Irene et Frédéric J Curie,76410.0,www.ecbcweb.com
2008-09-01,BG - ROTOR CLUB,B.G.R.C.,"création d'une collectivité d'intérêt et de passion de toutes les personnes désireuses de pratiquer le modélisme hélicoptère radio-commandé, qu'il s'agisse de machines électriques double rotors, simple rotor ou de modèles à motorisation thermique; la vocation de l'association est d'abord pédagogique afin de stimuler la découverte et la pratique d'une activité de grande précision qui nécessite un encadrement pour s'initier et progresser; de ce fait, compte tenu des qualités que développe le pilotage des hélicoptères radio-commandés, curiosité intellectuelle, habileté manuelle, psychomotricité, concentration et maîtrise de soi, l'association Bois Guillaume Rotor Club s'adresse aux adolescents tout autant qu'aux adultes; les élèves en scolarité dans les collèges et les lycées trouveront dans cette activité de nombreuses références à des principes de physique qu'ils étudient dans les matières scientifiques; afin d'entretenir la motivation des membres et pour créer une saine émulation, l'association se propose d'organiser des championnats d'hélicoptères de radio-modèles dans différents catégories, selon le principe des championnats qui existent dans le pilotage des vrais machines; mettre de lieux de pratique à la disposition des adhérents, en intérieur et en extérieur, dans un parfait climat de confort et de sécurité, et ce, avec la bienveillante collaboration de la ville de Bois Guillaume; au coeur d'un territoire, la Haute Normandie, qui possède la caractéristique économique d'être la troisième région française dans le domaine de la construction aéronautique et spatiale, via la filière Normandie aeroespace, être un relais de ce secteur de métier auprès du grand public et des jeunes; des vocations professionnelles peuvent ainsi naître au contact de la pratique de la voilure tournante en modèle réduit",Bois-Guillaume,60 RUE DE LA CARRIÈRE À GRÉ,76680.0,http://www.bg-rotorclub.fr
2008-09-23,LA  COACHINE TEAM,LA  COACHINE TEAM,"mettre en place des activités d'expression scénique et techniques théâtrales ainsi que toute autre activité de loisirs socio-éducatifs ; soutenue par l'ALBCS Grand-Quevilly dont elle fait partie, l'association montera des spectacles divertissants qu'elle proposera à d'autres associations, dans des conditions qu'ils règleront ensemble, afin de les aider à financer des projets",Le Grand-Quevilly,11 RUE DE L'ESPéRANCE,76120.0,www.la-coachine-team.ekablog.com
2011-03-22,ASFANO : ASSOCIATION DES SAGES-FEMMES ACUPUNCTEURS DU NORD OUEST,ASFANO,promouvoir la pratique de l'acupuncture par les sages-femmes et développer la formation continue en médecine traditionnelle chinoise,Saint-Aubin-lès-Elbeuf,42 BIS ROUTE DE LA HAYE LECONTE,27400.0,www.asfano.over-blog.com
2015-03-27,REPAIR CAFÉ ROUEN,REPAIR CAFÉ ROUEN,"réparer ou faire réparer ensemble des objets qui seraient sinon destinés à être jetés, dans le cadre d'un atelier collaboratif, ceci afin de sensibiliser le public sur le fait que les choses peuvent être réparables",Rouen,10 RUE DE CATALOGNE,76800.0,https://repaircaferouen.net
2016-02-25,KUNG FU CLUB DE ROUEN,KUNG FU CLUB DE ROUEN,"promouvoir et développer la pratique des arts martiaux chinois par l'organisation de cours, stages et différentes manifestations",Rouen,90 RUE LETHUILLIER PINEL,76100.0,http://wingchunrouen.e-monsite.com/
2018-11-24,DESSINONS ENSEMBLE L'AVENIR DE BOOS,DESSINONS BOOS 2020,"regrouper les citoyens et les résidents secondaires de la Commune de BOOS en groupe de réflexion et de proposition pour réfléchir en matière éducative, environnementale, sécuritaire, économique, sociale, culturelle, touristique, de transports, de services de proximité et de loisirs, participer aux différents débats publics ; participer au fonctionnement des institutions locales, communautaires, départementales, régionales et nationales ; défendre les intérêts des contribuables et l'image de BOOS ; réunir autour d'un projet une équipe de proximité qui mettrait en place l'alternative politique dans la perspective des échéances électorales locales ; promouvoir toute initiative dont l'objectif est l'intérêt général ; organiser des manifestations socioculturelles et de loisirs à destination des Boésiens ; accompagner les habitants négligés ou oubliés par la municipalité actuelle",Boos,3  RESIDENCE DE LA MUETTE,76520.0,http://BOOS2020.fr
2002-10-14,ASSOCIATION DRAGONS BUSSY - TAI CHI KUNG FU,ASSOCIATION DRAGONS BUSSY - TAI CHI KU,enseignement et promotion des arts martiaux chinois,Bussy-Saint-Georges,8 RUE GEORGES BOUCREUX,77166,https://www.dragonsbussy.com
2015-11-24,AUTHENTIQUE,AUTHENTIQUE,"enseigner, prodiguer, transmettre le Feng Shui, la diététique énergétique chinoise, la relaxation sonore, sous forme de cours collectifs, d'ateliers de cuisine, de stages, de séminaires et de consultations individuelles; les interventions se font en cabinet, milieux familial, professionnel, associatif, hospitalier, scolaire en France et à l'étranger; échanger et partager des expériences de développement individuel; aider les personnes atteintes dans leur bien-être physique et morale, ainsi que les personnes isolées et sans ressources financières; ainsi que toutes autres activités rentrant dans le cadre des buts poursuivis par l'association et plus généralement toutes opérations pouvant se rattacher directement ou indirectement à l'un des objets spécifiés ci-dessus ou tout objet similaire",Vaires-sur-Marne,7  rue DE LA GRANDE FERME,77360,authentiqueasso.fr
2018-02-17,FRENCH TECH HUB BEIJING,FRENCH TECH HUB BEIJING,"engager, concernant la communauté French Tech de Pékin, en République Populaire de Chine, les trois actions de la dynamique French Tech impulsée par le ministère français de l'Economie : 
1 ; FÉDÉRER l'écosystème local agissant en faveur de l'innovation par le numérique (startups, entreprises, institutions, associations, média, ;  ; ) , 
2 ; ACCÉLÉRER l'émergence et le développement d'entreprises innovantes, au service de l'emploi et de la croissance, 
3 ; RAYONNER à l'international en mettant en valeur nos entreprises innovantes dans le monde et attirer de nouveaux acteurs de l'innovation par le numérique sur notre territoire ;",Villeparisis,11  ALLEE FREDERIC AUGUSTE B,77270,https://beijing.lafrenchtech.com/
2021-07-23,SALON AFRIQUE UNIE (S.A.U),SALON AFRIQUE UNIE (S.A.U),"organiser et faire la promotion et la gestion d'évènements, en Afrique, en Europe et dans le monde, tels que des salons, foires commerciales, congrès, conférences, festivals, concerts et expositions dans le but de faire la promotion de l'Afrique, par l'Art, l'Art de vivre,  la culture, l'économie, la science et la technologie ; 
Tisser des liens d'amitié, de fraternité, de solidarité et de coopération entre la diaspora africaine et l'Afrique afin de mieux se valoriser ; 
Promouvoir la créativité, l'excellence, l'échange du savoir et du savoir-faire et l'entreprenariat
Mettre en place des projets, des dynamiques de développement en Afrique,  créer des liens d'amitiés, d'échange et de solidarité entre les populations du Nord et du Sud
Récupérer des outils, de machine-outil, de matériel, de technologie pour des associations africaines
uvrer pour l'implication de la diaspora dans le processus de développement de l'Afrique
Faciliter la rencontre entre les différentes compétences et expertises pour mieux valoriser la diaspora africaine entrepreneuse dans le but de contribuer au développement de l'Afrique ; 
uvrer à la protection et à la préservation de l'environnement 
Organiser l'aide, directe ou indirecte, toute action à caractère social, sanitaire, éducatif, économique et culturel visant le développement des zones rurales en Afrique ;",Roissy-en-Brie,5  RUE VICTOR JACQUEMONT,77680,https://www.salonafriqueunie.com
2024-08-25,"L EVEIL DU LOTUS, ARTS ENERGETIQUES",L EVEIL DU LOTUS ARTS ENERGETIQUES,"enseignement des arts énergétiques et martiaux, la méditation, la médecine traditionnelle chinoise, le massage shiatsu et le yoga toumo ;",Lagny-sur-Marne,29 B RUE JEANNE D ARC,77400,http://eveildulotus.com
2008-11-20,LIGUE ILE-DE-FRANCE DE KICK-BOXING.MUAY THAI ET DISCIPLINES ASSOCIÉES (LIDFKMDA),(LIDFKMDA),"organiser, enseigner, développer, promouvoir et encadrer la pratique sur sa zone géographique les disciplines délégataires suivantes : 1° kick boxing sous tous ses styles (full contact, low kick, k1 rules, light contact, kick light, point fighting, musical forms, k1 rules light et disciplines assimilées : aérokick, boxe américaine, chauss'fight ; 2° muaythaï - boxe thaï et disciplines assimilées : thaï boxing, muay boran, bando, boxe khmère, boxe birmane ; 3° pancrace et discipline associées : lutte-contact, pancrace submission 4° sanda - boxe chinoise et disciplines assimilées
5° disciplines associées : contact défense, boxe arabe
la ligue ile de france de kick boxing, muaythaï er disicplines associées, organe déconcentré de la fédération française de kick boxing, muaythaï et disciplines associées (ffkmda) , a pour objectif l'accès de tous à la pratique des activités physiques et sportives, l'éducation de la citiyenneté, l'intégration de tous, et s'interdit toute discrimination, de toutes sortes, et veille au respect de ces principes par ses membres ;",Bagnolet,246 RUE ETIENNE MARCEL,93170,http://www.lidfkmda.fr
2010-08-09,LA VOIX DES OUBLIES D'INDOCHINE,LA VOIX DES OUBLIES D'INDOCHINE,"sensibiliser et mobiliser dans le cadre de la lutte contre les discriminations ethniques en Asie du sud,telles que les persécutions des Hmongs du Laos,dans le cadre de l'utilité publique,elle agit dans le domaine culturel sur des thématiques liées aux pays d'ancienne Indochine et dans la lutte contre les discriminations ciblant les personnes d'origine asiatique en France,notamment les vétérans et les déracinés ; elle a vocation à promouvoir une meilleure reconnaissance du rôle des Bawouanes, des Mans, des Hrés,des Thaîs, des Moïs, des Hmongs, ainsi que toutes autres populations alliées à la France durant la guerre d'Indochine ; elle promeut d'une manière générale un devoir de mémoire objectif sur l'histoire d'Indochine",Saint-Fargeau-Ponthierry,2  ALLéE DES BERGERONNETTES,77310,la-voix-des-oubliés-d.indochine.over-blog.com
2024-09-06,ASSOCIATION REPUBLIC OF CHINA CLUB,ROC CLUB,promouvoir la diversité des aspects de la culture et de l'histoire de la république de Chine (RC),Vaux-le-Pénil,352  RUE DE LA CORNE DE FER,77000,https://rocclub.fr
2003-05-05,LA CORDE D'ARGENT,LA CORDE D'ARGENT,"étude, pratique et l'enseignement des arts et techniques gestuelles asiatiques et plus particulièrement chinoises (AMCI, Arts Martiaux Chinois Internes, Qi Gong et Arts énergétiques, et disciplines corollaires)",Fontainebleau,34 RUE DU MONTCEAU,77210,http://www.lacordedargent.com
2021-08-12,LE SOUFFLE DU TAO,LSDT,enseignement des arts internes chinois,Nemours,9  RUE THIERS,77140,https://lesouffledutao.online
2003-05-05,AMCMTCC : ARTS MARTIAUX CHINOIS DU MANTOIS DE TAI CHI ET DE CHI KUNG,AMCMTCC,"diffusion a mantes la jolie des arts de sante et des arts martiaux d'origine chinois a travers l'approche de differentes techniques de qi gong, tai chi chuan et systemes de combat. de plus l'association se propose de developper toute activite culturelle permettant une meilleure comprehension des activites developpees.",Mantes-la-Jolie,22 ROUTE DE LA ROCHE GUYON,78840.0,http://amcmtcc.fr/
2003-04-01,COULEURS DE CHINE,COULEURS DE CHINE,"échanges culturels avec la chine; entretenir, restaurer ou reconstruire des bâtiments communautaires dans les villages où opère l'association; ces activités seront financées par des donations spécifiques",Paris,61 RUE DE LYON,75012.0,https://couleursdechine.org/
2014-07-14,CLUB 750TURBO.FR,750T.FR,"organiser et encadrer tout type d'événements moto autour de la moto 750 kawasaki turbo, comme des promenades, des rassemblements ; faire connaitre cette moto et surtout aider les membres à réparer et entretenir leurs machines à travers un site internet et un forum; aider les membres en proposant la vente de pièces difficiles à trouver ainsi que toutes les pièces permettant une customisation la vente de pièces et moto d'occasion; permettre l'achat groupé d'objet publicitaire représentant cette moto; gestion du site et du forum internet 750turbopointfr",Magny-les-Hameaux,65  rue hodebourg,78114.0,http://750turbo.fr
2014-11-25,ART DU SIÈCLE,ART DU SIÈCLE,organiser des manifestations artistiques ; promouvoir les échanges culturels entre la Chine et la France ; promouvoir l'art et la culture chinoise ; aider les artistes chinois pour la diffusion de leurs oeuvres en France ; animer des évènements culturels et des conférences ; organiser des ventes de charité d'oeuvres ; aider les artistes chinois pour la communication en France,Saint-Rémy-lès-Chevreuse,13  ALLéE DU PETIT CHEVINCOURT,78470.0,http://www.artdusiecle.com
2017-09-01,ART FLORAL CHINOIS,AFC,"faire partager leurs connaissances ainsi que les amoureux des fleurs et de leur art promouvoir l'art floral chinois en France et de faire découvrir la beauté des plantes vue sous l'angle de la culture chinoise souhaiter accomplir ces objectifs par l'organisation de démonstrations, de conférences, d'expositions ainsi qu'en soutenant la publication de livres et de revues ;",Saint-Rémy-l'Honoré,4  RUE DU VIEUX MARCHE AUX,67000.0,http://artfloralchinois.com
2017-05-03,ASSOCIATION KYEGU & CENTRE BOUDDHISTE KYEGU PARIS,KBI PARIS,"contribuer à l'Education et à la bonne santé de jeunes moines et nonnes (enfants) résidents des monastères Kyegu, tous vivant dans des zones fortement reculées où les conditions de vie sont dures et rudimentaires et les moyens insuffisants, via : 
-	le soutien financier de l'association pour l'achat de nourriture, médicaments, matériel pédagogique, vêtements, couvertures, par l'amélioration des conditions sanitaires (contribution financière à des travaux) ; 
-	l'intervention de volontaires pour enseigner toutes activités pédagogiques permettant un élargissement des connaissances, un gain d'épanouissement et d'autonomie, 
Contribuer à la préservation, transmission et diffusion du Bouddhisme Tibétain (Bouddha Dharma) , Sagesse multimillénaire perpétuée en Inde et au Tibet particulièrement, en organisant Enseignements et conférences en partenariat avec les Monastères Kyegu d'Inde et de la région du Tibet en Chine, et les instituts bouddhistes de Sydney en Australie et de Singapore ;",Herbeville,4   GRANDE RUE,78580.0,http://www.kbiparis.org
2018-05-18,ASSOCIATION DES ANCIENS ELEVES DE L'UNIVERSITE CENTRAL-SUD EN FRANCE,ACSU-FRANCE,"organiser des activités entre les membres de l'association afin de renforcer leur lien, ainsi que le lien avec l'Université Central-Sud en Chine ; 
assister aux activités et aux programmes d'échanges entre l'Université Central-Sud et la France ; accueillir les nouveaux arrivants des anciens élèves en France ; organiser des activités dédiées aux fêtes anniversaires de l'Université Central-Sud",Sartrouville,8  RUE JEAN NICOLLE,78500.0,http://CSU-France.org
2019-10-30,FEIBAI INSTITUTE,FEIBAI,"a pour objet l'enseignement de la calligraphie et de la peinture chinoises ainsi que de la culture traditionnelle chinoise ; l'accompagnement des activités relatives aux créations graphiques ; l'organisation des événements culturels : expositions, conférences, voyages culturels, etc ; l'organisation des ateliers thématiques des enfants, des adultes et des parents-enfants ; l'édition et de la publication des recherche sur les arts graphiques",Maisons-Laffitte,25  AVENUE NICOLAS II,78600.0,http://feibai.org
2020-09-01,VISION TIMES FRANCE,VISION TIMES FRANCE,"contribuer à transmettre aux personnes, les moyens de porter un nouveau regard sur le monde d'aujourd'hui, tout en leur permettant de développer et d'acquérir des connaissances sur la Chine et la culture traditionnelle",Le Vésinet,15  AVENUE DES COURSES,78110.0,https://www.visiontimes.fr/
2022-09-04,SHAOLIN CHUAN TONG GONG FU - FRANCE,SHAOLIN CHUAN TONG GONG FU - FRANCE,"cette association a pour objet de promouvoir, transmettre, développer et préserver la pratique et le savoir des arts martiaux chinois ; cela comprend la pratique de l'activité martiale proprement dite et tout ce qui y est associé, ainsi que ses aspects culturels et historiques ; l'association se propose d'atteindre ses objectifs par tous les moyens jugés nécessaires par ses membres et dirigeants et incluant de façon non exhaustive des cours, conférences, stages, voyages, recherches, publications, manifestations et toute initiative pouvant aider à la réalisation de l'objet de l'association",Louveciennes,56 BIS ROUTE DE VERSAILLES,78430.0,https://shaolinkungfujia.webflow.io
2024-05-31,ASSOCIATION GLOBAL MAMA FRANCE,AGMF,"organiser des conférences éducatives et des activités académiques et de séminaires connexes, organiser des camps d'été et d'hiver et d'autres activités thématiques d'étude et de voyage, servir de médiateur et de planificateur pour les échanges éducatifs entre les écoles internationales et les établissements d'enseignement supérieur en Chine et en Europe",Maisons-Laffitte,7  AVENUE MARIE CHAMPSMESLÉ,78600.0,https://globalmama.fr/
2014-02-20,COIN-OP LEGACY,COL,"preserver, informer et diffuser le patrimoine culturel, artistique et technique que représentent les machines d'amusement fonctionnant à pièces, en particulier les bornes d'arcade et flippers",Guyancourt,7  résidence Louis Lumière,78280.0,www.coinoplegacy.com
2015-03-08,ART DU LUTH PIPA,ART DU LUTH PIPA,"faire découvrir à toute personne intéressée la culture traditionnelle chinoise par l'apprentissage du luth pipa, du chant, de la poésie et de la langue chinoise et favoriser par de multiples activités artistiques une compréhension mutuelle des cultures françaises et chinoises",Montigny-le-Bretonneux,23  avenue du Centre,78180.0,http://Artduluthpipa.voila.net
2015-06-09,EUYI MUSIQUE ET CULTURE,EUYI,"promouvoir les échanges musicaux et culturels entre la Chine et l'UE, aider les jeunes artistes chinois à rencontrer les véritables artistes afin d'améliorer considérablement leur niveaux artistiques, favoriser les grands artistes européens pour se faire connaître par les publics chinois, constituer une base de données des artistes pour faciliter les prises de contact entre les deux parties, les principaux domaines sont les suivants :  (liste non exhaustive) musique, danse, théâtre, arts",Versailles,17 TER rue du Pont Colbert,78000.0,www.euyi.fr
2016-04-08,UN REGARD VERS L'EST,UN REGARD VERS L'EST,"développer et renforcer la coopération et les échanges sino-français dans les domaines suivants : échange éducatif : cours langue chinoise tous niveaux, conseil et aide à la recherche de formations ou de stages en Chine ou en France ; échange culturel : débats sur thème, sorties culturelles, journée gastronomique, atelier culinaire, circuit touristique et culturel sur mesure ; échange économique : soutien opérationnel et conseil juridique à toutes entreprises souhaitant s'implanter en France ou en Chine et promouvoir l'image des entreprises, accueil et accompagnement des délégations pour des salons, festivals, expositions ou manifestations culturelles ; échange technique : service de traduction - interprétariat, services informatiques auprès des entreprises ou particuliers (création de site en chinois ou en français, hébergement, diffusion d'information sur internet, communication et animation sur les réseaux sociaux)",Versailles,24  rue de Tournelles,78000.0,http://unregardverslest.fr
2019-04-06,"LES ÉVENTAILS ART, BIEN-ÊTRE, CULTURE & CRÉATIVITÉ",ABBC LES ÉVENTAILS,"promouvoir la culture notamment chinoise à travers diverses activités artistiques, créatives, culturelles et d'apprentissage de techniques traditionnelles liées au bien-être",Saint-Cyr-l'École,9  RUE MOLIÈRE,78210.0,https://www.abccleseventails.fr
2023-08-10,ZHEN DAO,ZHEN DAO,"enseignement et pratiques visant à promouvoir le Taoïsme ; 
en particulier les pratiques associées au bien-être telles que  : les techniques respirations, la relaxation, la méditation, le yoga taoïste, les Dao Yin, le tai chi chuan, le Qi Gong, massages de bien-être, auto-massages, réflexologie ;  ; ainsi que toutes pratiques et méthodes de même nature, sans rapport avec un exercice de la médecine ;  promouvoir les arts métaphysiques chinois tels que  : bazi, Yi Jing, Qi Men Dun Jia, arts de sélection de dates, Xuan Xue ; 
L'association pourra exercer des activités économiques telles que la vente de Tee- Shirts et autres objets publicitaires, ainsi que du petit matériel (tapis, coussin ;  ; )",Voisins-le-Bretonneux,24 AVENUE DU LYCÉE,78960.0,https://www.zhendao.fr
1991-02-08,ARTS MARTIAUX SANTE CULTURE,ARTS MARTIAUX SANTE CULTURE,apprehender les arts martiaux comme elements des patrimoines culturels chinois et japonais,Amiens,65 RUE VOLTAIRE,80080,https://asc-yiquan.jimdofree.com/
2014-04-07,LA MACHINERIE,LA MACHINERIE,"créer, animer et gérer un tiers-lieu facilitant l'accès aux nouvelles technologies et pratiques sociales ; promouvoir la diffusion de ces pratiques ; mutualiser des ressources pour la gestion d'espaces partagés ; contribuer à la culture scientifique, technique et industrielle (csti) et, à la médiation numérique à destination de tous les publics ;",Amiens,1 RUE DE LA VALLEE,80000,http://lamachinerie.org
2013-04-23,LA SOURCE DU SOI - ASSOCIATION POUR LA LIBERTE DE CHOIX THERAPEUTIQUE ET LA RECONNAISSANCE OFFICIELLE DES MEDECINES ALTERNATIVES ET NATURELLES,LA SOURCE DU SOI - ALCT - ROMAN,"promouvoir par tous moyens la liberté de choix thérapeutique, en diffusant auprès du public, des professionnels, et des autorités, l'information sur les pratiques de santé alternatives et naturelles, telles que la naturopathie, la réflexologie, l'étiopathie, la médecine quantique, la médecine ayurvédique, la psychogénéalogie, la bioélectronique de Vincent, le biomagnétisme, la médecine traditionnelle chinoise, l'aromathérapie, l'apithérapie, l'aimantothérapie, la médecine anthroposophique, le décodage biologique, la sonothérapie, la relaxologie, la sophrologie,  la liste étant non exhaustive et réclamer la reconnaissance officielle de ces pratiques afin de poser un cadre règlementaire pour leur existence, le But  est d' initier le public et les professionnels du corps médical ou non à  la prévention par l'alimentation et les méthodes de soins non allopathiques de santé et obtenir une reconnaissance légale des pratiques de soins alternatifs",Monestiés,5  impasse de la bouyssière,81640,www.lasourcedusoi.com
2018-09-29,UNION TAOÏSTE FRANÇAISE,UNION TAOÏSTE FRANÇAISE,"promouvoir en France le taoïsme en tant que spiritualité universelle, grâce à la connaissance de la culture chinoise et la compréhension des différentes facettes du taoïsme ; renforcer les liens d'amitié entre le peuple chinois et le peuple français, et transmettre ainsi un message fort de fraternité, afin d'uvrer pour la paix dans le monde ; développer en France les différents aspects des arts taoïstes : arts martiaux (et plus spécifiquement ceux de Wudang, berceau historique du taiji), qi gong, méditation, feng shui, calligraphie, médecine traditionnelle, multiplier les échanges et rencontres pour l'enrichissement mutuel de nos deux cultures : réceptions de maitres taoïstes sous  forme de conférences et stages ; séjours en Chine auprès de maitres afin d'en recevoir les enseignements techniques, philosophiques et spirituels ; transmettre en France le Taoïsme, trésor pour l'Humanité par son action sur la santé conçue comme un état de bien-être dans toutes ses dimensions physique, mentale et spirituelle ; exercer toutes les activités et accomplir toutes les opérations tendant à réaliser cet objet, en France, dans l'Union européenne et à l'étranger",Albi,6  RUE LIEUTENANT COLONEL,81000,https://tao-france.org
1999-10-04,INSTITUT HU LONG SHEN - ARTS MARTIAUX CHINOIS,INSTITUT  HU LONG SHEN - ARTS MARTIAUX,"Organiser, promouvoir et animer des activités liées à l'expression martiale, artistique , culturelle, sportive et énergétique viétnamiennes et autres horizons.",Albi,17 RUE DU CASTELVIEIL,81130,www.hu-long-shen-fr
2019-11-12,VAL'HARMONIE,VAL'HARMONIE,promouvoir et pratiquer des activités physiques s'inspirant de la tradition des arts martiaux et énergétiques d'origine chinoise,Lauzerte,5  RUE DE LA BRÈCHE,82110.0,www.val-harmonie-qi-gong.wordpress.com
2007-06-18,ESPACE BENESSERE,ESPACE BENESSERE,"promouvoir, développer et défendre certaines techniques simples et traditionnelles de prévention en matière de santé ainsi que les actes qui en découlent ; ces techniques sont le yoga, la réflexologie plantaire, l'acupuncture et d'autres techniques issues des méthodes traditionnelles chinoises et indiennes en France et à l'étranger",Perpignan,69  RUE ANSALDI,66000.0,http://www.espaceben.fr
2014-01-01,INSTITUT DES RELATIONS FRANCE CHINE,IRFC,"oeuvrer pour le développement des échanges et la coopération entre la Chine et la France sous toutes les formes et dans tous les domaines (culture, patrimoine, gastronomie, social, arts, sport, tradition, sciences, éducation, formation, tourisme, économie, commerce, etc)",Fayence,Aérodrome de Fa,83440,http://www.irfc.fr
2023-02-28,LE SALON DU CREATEUR,LE SALON DU CREATEUR,"promouvoir et informer le plus grand nombre aux méthodes qui encouragent notre responsabilisation individuelle ainsi que notre conscience collective, et qui favorise le développement personnel, aboutissant à un mieux-être individuel et par conséquent collectif ; 
ces méthodes et philosophies promues sont essentiellement celles des médecines ancestrales comme la médecine chinoise, l'ayurveda, l'aroma/phytothérapie, musicologie, mais aussi celles de la permaculture, de la médecine quantique, du yoga, de l'hypnose, de la diététique mais pas seulement, tout ce qui est attrait à l'artisanat (création de bijoux, de bougies
, upcycling, aux artistes en tout genre (comme sculpteurs, peintres
) tout ce qui pourrait contribuer à améliorer le bien-être des personnes ; 
d'uvrer notamment, en faveur du développement de la connaissance de ces méthodes, par les Salons, les foires, les marchés, les conférences, les expositions 
 de sensibiliser le public à l'écologie environnementale, émotionnelle, il est considéré que les groupes et les individus ont leur propre écosystème façonné par des diversités et différences se situant au niveau des perceptions, des croyances, des pratiques, des compétences, des valeurs, des cultures et des identités ; 
participer à l'évolution de la collectivité vers plus d'équilibre pour un développement durable de celle-ci ;",Fréjus,261  CHEMIN DE LA BAUME,83600,https://salonducreateur.com/
2007-10-15,NEI GONG,NEI GONG,"de reunir des personnes de tous âges et tous les milieux autour d'une activité sportive et culturelle axée principalement sur les arts martiaux et énergétiques chinois et artt de vie, calligraphie et art plastiques en salle et en plein air. elle considère ces activités commune un élément important de l'éducation, de la culture, de la santé publique, de l'intégration et de la participation à la vie sociale. toutes ces pratiques se déroulent dans un esprit de non compétition et sont axées sur l'é",Puget-Ville,114 RUE DE L'ARCHER,83390,https://www.taijineigong.fr
2014-01-02,ECOLE DU LION D'OR : ASSOCIATION PAI LIANG QIAO,ECOLE DU LION D'OR : ASSOCIATION PAI ,"enseigner la pratique des arts martiaux chinois anciens ainsi que faire découvrir l'ensemble de la culture chinoise qu'elle soit d'ordre sportive, culinaire ou historique",Six-Fours-les-Plages,75 RUE JACQUES BREL,83140,https://ecoleduliondor.fr/
2009-01-13,ASSOCIATION FRANÇAISE DES PARENTS ADOPTIFS D'ENFANTS DE CHINE (AFPAEC),AFPAEC,"approche multiculturelle, apolitique et laïque, information, soutien, défense des candidats à l'adoption en Chine et de leurs enfants, maintien des relations de confiance entre les autorités chinoises et les adoptants français dans l'intérêt de nos enfants à conserver un lien avec leur pays d'origine, parrainage et aide aux enfants de chine en soutenant des associations reconnues intervenant dans l'éducation santé constructions visant à améliorer leur vie",Rians,QUARTIER SAINT-MICHEL,83560,www.afpaec.org
2018-06-29,INSTITUT WUWEI-WUJI DU VAL D'ISSOLE,INSTITUT WUWEI-WUJI - VAL D'ISSOLE,"proposer l'apprentissage et l'approfondissement de la pratique du TAIJI QUAN, art martial d'origine chinoise, ainsi que toute autre pratique favorisant également la détente et le calme intérieur ainsi qu'une plus grande présence au sein de l'action",Sainte-Anastasie-sur-Issole,3  RUE DES AIRES,83136,https://www.wuwei-wuji.institute/
2024-01-31,RC CAR AVIGNON,RCCAR84,"promouvoir et partager l esprit loisir du modélisme radio commande, donner l accès a un lieu aux usagers pratiquant du modélisme, partager des moments conviviaux de pratique des disciplines radio commandées, réaliser des activités de réparation et d entretien de machines de modélisme en partageant nos expériences organiser des évènements afin de partager notre passion",Avignon,25  AVENUE DES LIERRES,84000,https://www.rc-car-avignon.fr
2013-04-02,LA FORGE DES POSSIBLES,LA FORGE DES POSSIBLES,"promouvoir la culture numérique, la réappropriation par chacun des technologies matérielles ou logicielles, l'innovation ouverte, l'apprentissage par le faire et la fabrication numérique ; favoriser l'émergence de nouvelles activités économiques, artistiques, pédagogiques ou scientifiques, liées à la démocratisation de la fabrication numérique personnelle et du prototypage rapide ;  mutualiser au sein d'un fablab (laboratoire de fabrication participatif ou micro-usine locale et partagée) : différentes machines soit traditionnelles (machines à coudre, tour à bois, électroportatifs,...) soit à commande numérique (découpe laser, imprimante 3D,...) ; des espaces ouverts de travail et de rencontre ; une communauté de participants prêts à : partager compétences, ressources et savoirs-faire ; documenter leurs projets et les rendre disponibles aux autres au minimum pour usage personnel ; participer à écrire ensemble l'histoire de la Forge des Possibles  et à animer/équiper le lieu ; construire, diffuser et animer des ateliers de découvertes, d'initiations ou de perfectionnement autour des techniques et des pratiques utilisées au sein du réseau mondial des FabLabs (prototypage rapide, arduino, impression 3D, innovation ouverte, publication en creative commons, ...) ; déployer d'autres lieux de fabrication numérique, temporaires ou au long terme, sur différents territoires ou lors d'événements particuliers ; favoriser les projets collaboratifs en créant un environnement propice à l'émergence de projets innovants",la Roche-sur-Yon,1  place Jacquard,85000,http://www.laforgedespossibles.org
2017-06-01,ENERGIE MUSICALE,ENERGIE MUSICALE,"cette association a pour but de:
la création de liens musicaux (jazz, musique classique, tradition, maraichine, médiéval, etc et faire partager ces talents à travers les concerts, les ateliers etc",Apremont,32 TER  ROUTE DE CHALLANS,85220,http://www.energiemusicale.wordpress.com
2018-12-03,TAI CHI ENERGIE WUDANG,TAI CHI ENERGIE WUDANG,Promouvoir les arts énergétiques chinois,Roche-sur-Yon,44 CHEMIN DES LOUPS,85000,http://www.tew85.fr
2022-12-12,LES POLICHINELLES,LES POLICHINELLES,"développer la filière de réemploi du jouet et de la puériculture, collecter, trier, valoriser les objets et vêtements liés à la petite enfance ; Sensibiliser les parents et les enfants grâce à des ateliers et animations ;",Roche-sur-Yon,21  RUE SAINT HILAIRE,85000,https://lespolichinellesrecyclerie.fr
2021-07-20,ALMA AGRI-NATURE,ALMA AGRI-NATURE,"créer, coordonner et animer l'écosystème agricole et la pédagogie à l'environnement au sein de l'écovillage ALMA ; conduire des exploitations agricoles ; Faciliter les installations de jeunes agriculteurs et d'éco-lieux par la division de grandes fermes en ateliers à taille humaine, plus abordables financièrement, demandant moins de mécanisation / machines, par la mutualisation et la mise à disposition de moyens (notamment bâti, foncier, matériel, humain) ; 
incuber de jeunes porteurs avant le lancement de leur propre structure ; promouvoir l'agro-écologie, la permaculture, l'agriculture biologique ; tenir une ferme pédagogique, développer des parcours nature éducatifs, des zones d'observation de la biodiversité ; oeuvrer à la production d'une alimentation saine, à la production durable et respectueuse du vivant et de l'environnement, vendue en circuit court ; oeuvrer et promouvoir la biodiversité, l'usage de moins de moyens agricoles, d'énergies renouvelables, le reboisement ; 
acquérir un maximum de terres agricoles pour les convertir en bio et éviter la concentration d'exploitations en grosses fermes industrielles ; développer des débouchés en circuit court, notamment via une table d'hôte et un magasin de producteurs au sein de l'écosystème ALMA",Nieul-le-Dolent,17  RUE DROITE,06300,http://almaecovillage.com
2007-08-31,INDOCHINE POITOU CHARENTES,INDOCHINE POITOU CHARENTES,"rassembler les fans du groupe Indochine de la région Poitou-Charentes, organiser des rencontres mensuelles, ainsi que des sorties et soirées diverses entre fans, centraliser l'achat des billets de concert afin de profiter des tarifs préférentiels, de centraliser les achats du merchandising officiel du groupe, organiser les déplacements et accompagner les personnes souhaitant assister au concert du groupe, partager son admiration pour Indochine et soutenir le groupe lors des différentes tournées",Poitiers,25  rue des Chardonnerets,86000.0,www.INDO-CHINE.fr
2014-08-27,POITOU SHIATSU,POITOU SHIATSU,"promotion du shiatsu à Poitiers, dans la région du Poitou, en France et dans le monde entier ; diffusion de cours de relaxation, de détente bien-être et thérapeutique, articulés autour des techniques corporelles japonaises nommées : shiatsu et self shiatsu ; enseignement d'exercices de relaxation, de détente bien-être avec les méthodes de relaxation : shiatsu, self shiatsu, sophrologie, sophrologie martiale, karaté sophrologique, arts martiaux japonais, arts martiaux chinois, yoga, gymnastique",Saint-Benoît,17  ruelle Pilori,86280.0,http://www.poitoushiatsu.fr
2020-08-26,SOCIÉTÉ FRANÇAISE DU SHIATSU,SOCIÉTÉ FRANÇAISE DU SHIATSU,"l'association nommée Société Française du Shiatsu est une association à but non lucratif loi 1901 qui a pour objet la promotion, le développement et l'enseignement des connaissances scientifiques et professionnelles dans le domaine du shiatsu, la méthode manuelle japonaise de pression digitale et de mobilisation articulaire, l'exercice du shiatsu, l'enseignement du shiatsu ainsi que la promotion et le soutien de la recherche en shiatsu et dans tous les domaines complémentaires issus des médecines traditionnelles japonaise et chinoise ;  la Société Française du Shiatsu est une société savante qui regroupe des experts, des professionnels et des amateurs éclairés faisant la promotion du shiatsu sur le territoire français et dans le monde entier, et publient des travaux de recherche originaux ; à travers ses éditos, ses travaux et ses réflexions, la Société Française du Shiatsu souhaite faire avancer la connaissance dans son domaine d'activité celui du shiatsu ; les activités de la Société Française du Shiatsu lui permettent par tous les moyens qu'elle choisit de répondre aux buts fixé par ses statuts, en particulier, à travers la marque Shiatsu France la mise en uvre d'un site Internet https : //www ; shiatsu-france ; com, la publication de la revue Shiatsu France Magazine, la publication de contenus, d'ouvrages ou de tous supports éditoriaux en format papier et/numérique, l'élaboration de recommandations scientifiques ou professionnelles, l'organisation de projets de recherche et éventuellement la recherche de leur financement, la représentation française au sein de sociétés savantes internationales en Europe, aux États-Unis ou au Japon, l'organisation des pratiques professionnelles et leur évaluation, l'organisation de congrès, séminaires, comités et réunions scientifiques, l'enseignement du shiatsu (pratique et théorique) , la formation continue des professionnels, la représentation professionnelle en tant que société savante auprès des autorités et des autres professionnels, l'information vers les différents publics et toute autre activité conforme aux buts de l'association ; la Société Française du Shiatsu peut seule ou en relation avec d'autres associations, écoles, universités, sociétés savantes faisant référence en France et dans le monde entier, exercer des expertises et des études scientifiques sur le shiatsu ; son activité principale comprend donc différentes tâches et missions comme ;
 mettre en place des études scientifiques à travers des protocoles de shiatsu, allant du cadre du bienêtre ; relaxation, confort, esthétique à l'accompagnement de la santé et au traitement manuel ciblant certains symptômes et/ou pathologies ; proposer un enseignement pédagogique, entraînement, formation à travers l'organisation de stages ponctuels ou réguliers en France et dans le monde entier ; ceci afin de délivrer un certificat de pratique intitulé « Intervenant Shiatsu » soit en délivrant un nouveau titre RNCP (certification professionnelle) pour le compte de l'association, soit en délivrant un titre déjà existant dans une base de registre officielle (CNCP, France Compétences, etc ; ) ; publier des contenus numériques sur le site accessible à l'URL https : //www ; shiatsufrance ; com et tout site internet qui peut apporter de la visibilité et participer ainsi à la connaissance auprès du grand public et des institutions ; éditer des articles et des dossiers dans la revue Shiatsu France Magazine (format papier et numérique) ; éditer, publier et distribuer des ouvrages qui permettent la reconnaissance du shiatsu et des méthodes complémentaires auprès des différents publics ;",Saint-Benoît,5  RUE DE PARIGNY,86280.0,https://www.shiatsu-france.com/
2011-07-01,"INSTITUT DE TAI JI DE LA HAUTE-VIENNE, ANTENNE DE L'I.F.T.I.Z.D.",ITJHV,"faire découvrir le taï ji par les cours et les interventions de maître zhang dongwu et/ou de ses disciples et des professeurs formés par eux ; faire connaître les bienfaits de pratique manuelle lié à l'asie, en particulier la chine, l'inde et la thaïlande ; et éventuellement l'art ou les langues de ces pays ; permettre les venues de maître dongwu afin qu'ils puissent dispenser les enseignements ; organiser des stages, des cessions et des séminaires en haute-vienne ainsi que des voyages en france métropolitaine, au sein de l'iftjzd (institut français de taï ji zhang dongwu) ou en chine au centre de recherche de taï ji quan de maître zhang dongwu, à zhengzhou",Limoges,7  Allée des sonneurs,87220.0,www.taiji87.fr
2012-08-31,ERRANCE,ERRANCE,"créer un réseau actif d'échanges, d'information et d'incitation à la réalisation des projets innovants artistiques sur le territoire de la région limousin ; interventions artistiques telles que expositions, conférences, ateliers, échanges culturels ; l'association regroupant de jeunes artistes et designers élabore des évènements ; l'association favorise les échanges des artistes, designers et de jeunes diplômés des écoles d'art en chine et en france ; elle encourage ainsi l'accomplissement de ses membres et de leurs projets par l'entraide et les relations culturelles ; l'association favorise les créations, les recherches en céramique et porcelaine",Limoges,17  RUE BANC LéGER,87000.0,www.atelier-errance.tumblo.com
2015-07-09,CENTRE DE TAI JI DE BOISSEUIL,CENTRE DE TAI JI DE BOISSEUIL,"faire connaître le Tai Ji Quan (Tai chi Quan), le Qi Gong et la calligraphie chinoise ; faire connaître la culture traditionnelle chinoise lié à ces arts, telles que la langue chinoise, la cérémonie du thé, la médecine traditionnelle chinoise, etc ; éditer et diffuser des supports pédagogiques(CD, DVD, etc) liés à ces pratiques ; faire connaître les bienfaits du Tai Ji Quan, du Qi Gong et de la calligraphie chinoise ; permettre des échanges culturels entre la Chine et la France ; organiser des stages, des sessions et des séminaires ainsi que des voyages en France métropolitaine ou en Chine ; utiliser toutes sortes de supports culturels et artistiques : séminaires, cours, stages, expositions, colloques ou tout autre moyen de communication ; vendre des CD, DVD, livres et tout objet utile à la pratique du Tai Ji Quan, du Qi Gong et de la calligraphie chinoise",Boisseuil,5  ROUTE DE LIMOGES,87220.0,http://www.taiji87.fr
2016-07-01,ZEN SHIATSU LIMOUSIN,ZEN SHIATSU LIMOUSIN,"la découverte, l'étude, la promotion et la pratique du shiatsu, des arts martiaux et disciplines associées en lien avec la médecine chinoise, la diététique, la phytothérapie, la méditation, la relaxation, les arts plastiques, paysagers, poétiques et les différentes techniques liées au bien-être corporel, énergétique et spirituel",Saint-Laurent-sur-Gorre,,87310.0,www.zenshiatsulimousin.com
2022-09-16,PERLE ET DRAGONS ASSOCIATION,PERLE ET DRAGONS,"créer un pôle afin de réunir et d'aider au développement des projets culturels et associatifs ; faire découvrir, partager et faire fructifier les arts traditionnels notamment chinois : la culture, la sagesse, les arts de santés, les arts énergétiques traditionnels chinois, en organisant des manifestations (cours collectifs, séminaires, festivals, projections vidéo, expositions, démonstrations) pour cela, 
l'association peut être amenée à employer du personnel",Cussac,4   CHAMBINAUD,87150.0,https://perleetdragons.com
2001-10-29,L'ART ET LA VOIE,L'ART ET LA VOIE,"promouvoir les arts énergétiques chinois et orientaux à travers l'enseignement des disciplines qi gong, calligraphie, taïchichuan et associées",Norville,7 RUE DES ACACIAS,91290,http://www.lartetlavoie.fr
2012-06-04,ASSOCIATION D'ECHANGES CULTURELS ET EDUCATIFS EUROPE-CHINE (AECEEC),AECEEC,"promouvoir, susciter, consolider et renforcer les échanges entre l'Europe et la Chine afin de favoriser l'ouverture d'esprit sur des cultures différentes ; développer les liens d'amitiés et encourager la communication entre les peuples (surtout les jeunes) de ces deux régions",Massy,25  résidence du Parc,91300,www.aeceec.com
2021-05-19,ACADEMIE DE KUNG FU ET DE SELF DEFENSE,AKFSD,"pratiquer et enseigner les arts martiaux externes, internes et énergétiques chinois et la Self défense ; Proposer, dispenser  et mettre à disposition des formations  concernant le domaine associatif sportif ; Faire la promotion de ses arts sous toutes ces formes ;",Palaiseau,7  RUE DE CAEN,91120,https://www.akfsd.fr/
2010-09-30,ASSOCIATION DES ÉTUDIANTS FRANCO-CHINOIS DE L'UNIVERSITÉ PARIS-SACLAY (AEFC),(AEFC),"information de ses membres, afin de favoriser l'intégration des nouveaux étudiants et le déroulement de leurs études en Chine ; création et mise à disposition d'un réseau professionnel, la promotion des échanges universitaires franco-chinois, l'accueil et l'information des étudiants chinois en échange universitaire au sein de l'Université Paris Sud",Sceaux,54 BOULEVARD DESGRANGES UNIVERSITÉ PAR,92330,http://aefcps.wordpress.com
2013-03-16,ARTS MARTIAUX FANG,ARTS MARTIAUX FANG,"faire découvrir, enseigner, développer le goût et la pratique des arts énergétiques et martiaux internes Taji Quan, Qi Gong, et autres ou externes Kung Fu, et autres d'origine chinoise, sous leurs formes les plus diverses ; sportives, compétitives, méditatives ou orientées vers le bien-être ; étudier et transmettre les techniques, traditions et esprits originaux de ces arts ; favoriser toutes activités permettant de promouvoir les arts énergétiques et martiaux chinois ; promouvoir la culture asiatique, en particulier la culture chinoise, sous toutes ses formes",Vanves,10  RUE ERNEST LAVAL,92170,http://www.artsmartiauxfang.com
2016-05-18,LIFE EQUILBRIUM,LIFE-E,"prévenir les maladies chroniques et améliorer la santé des personnes qui en sont atteintes ; oeuvrer pour une meilleure santé globale mentale, physique, sociale et spirituelle de chaque individu ou groupe d'individu ; promouvoir les Activités Physiques et Sportives A ; P ; S , une alimentation saine, la méditation, les pratiques traditionnelles yoga, médecine chinoise, Ayurveda, etc ;  , la psychologie positive, la santé environnementale ; agir sur les facteurs socio-environnementaux de la santé et du bien-être en favorisant un développement durable économie sociale et solidaire, écologie, éducation, aménagements urbains etc ;",Antony,47  avenue FERDINAND BUISSON,92100,http://www.life-e.fr
2019-05-06,MANDARINS 92,M92,promouvoir la langue chinoise dans le département 92,Châtenay-Malabry,1  ALLEE MICHEL BERGER,92290,http://lesmandarins92.org
2020-12-10,ASSOCIATION DE L'EGLISE EVANGELIQUE CHINOISE D'ANTONY,EECA,"créer une association cultuelle est fondée conformément aux dispositions de la loi du 1er juillet 1901 et de la loi du 9 décembre 1905 ; elle prend pour titre : association de l'église évangélique chinoise dAntony et assurer la célébration du culte protestant évangélique conformément aux principes indiques dans la confession de foi, les statuts et le règlement intérieur",Antony,3  RUE DU SUD,92160,http://antony-chinesechurch.org
2021-03-16,ASSOCIATION FRANÇAISE DE WUSHU KUNG FU - FFK,AFWK,"assurer la pratique, le développement et la promotion des disciplines, sous toutes les formes sportives ou traditionnelles, associées au wushu et notamment  : les activités du qigong parfois présentées comme la filière énergétique des arts martiaux chinois, les activités du taijiquan ou tai chi, baguazhang, xingyquan et bajiquan parfois présentées comme la filière interne des arts martiaux chinois, les activités de changquan, nanquan ou encore kung fu traditionnel, parfois présentées comme la filière externe des arts martiaux chinois, les activités de sanda et shuaijiao parfois présentées comme la filière des arts du combat des arts martiaux chinois",Montrouge,39  RUE BARBES,92120,https://www.ffkarate.fr/wushu-arts-martiaux-chinois/
2023-08-13,ASSOCIATION ZIRANMEN FRANCE - CULTURE MARTIALE ET STYLE NATUREL,ASSOCIATION ZIRANMEN FRANCE,promotion et enseignement de la culture et des arts martiaux traditionnels chinois,Bourg-la-Reine,24  RUE FERDINAND JAMIN,92340,http://www.ziranmen.fr
1999-04-26,CONVERGENCES KUNG-FU WUSHU,CONVERGENCES KUNG-FU WUSHU,"dans une optique laïque et citoyenne : de contribuer au développement des qualités physiques, mentales et morales, inhérentes à la condition physique, à la santé et aux valeurs du sport et des arts martiaux ; de promouvoir et développer les arts martiaux internes et externes d'origine chinoise (kung fu wushu) , la préparation physique, les activités physiques adaptées (apa) , sport santé et réathlétisation, les activités physiques, sportives et artistiques (apsa) et les techniques de l'information et de la communication (tic) de créer des liens sociaux dans un esprit convivial et solidaire ; de rester informés et formés aux développements scientifiques, techniques et technologiques qui entrent dans le cadre des activités physiques et sportives et de les intégrer au mieux dans les pratiques que nous proposons ;",Nanterre,33 BD DE VALMY,92700,http://convergenceskfw.com
2005-01-13,COURBEVOIE KUNG FU (C.K.F),CKF,"d'enseigner et de promouvoir la pratique du kung fu, ainsi que de démontrer les qualités psychopédagogiques (maîtrise du corps et de l'esprit) des arts martiaux chinois",Courbevoie,91 BOULEVARD DE VERDUN,92400,http://www.courbevoie-kungfu.fr
2010-02-17,SHANGHAI YOUNG BAKERS,SYB,consiste à aider des orphelins chinois de 17 à 23 ans identifiés via un réseau d'associations chinoises partenaires à rentrer dans la vie active en leur procurant une formation professionnelle en boulangerie entièrement sponsorisée ; soutenir le rayonnement du programme Shanghai Young Bakers établi en Chine en France et à l'international ; assurer l'enregistrement du nom Shanghai Young Bakers et la protection du logo Shanghai Young  Bakers ainsi que du site web www.shanghaiyounghbakers.com ; organiser l'accueil des étudiants chinois Shanghai Young Bakers sur le territoire français ; effectuer les démarches nécessaires à l'obtention d'une dérogation auprès des autorités française pour la mise en place d'un double-diplôme en boulangerie dans le cadre du programme Shanghai Young Bakers ; encadrer la recherche la gestion et la récolte de fonds pour assurer le financement du programme,Levallois-Perret,11  rue Pierre Brossolette,92300,www.shanghaiyoungbakers.com
2012-06-23,DONG FANG WUSHU COURBEVOIE (DFWC),DONG FANG WUSHU COURBEVOIE,"développer le goût et la pratique des arts énergétiques et martiaux internes (Taiji Quan, Qi Gong) ou externes (Kung Fu) d'origine chinoise, sous leurs formes les plus diverses sportives, compétitives, méditatives ou orientées vers le bien-être ; étudier et transmettre la technique, la tradition et l'esprit originaux de ces arts ; favoriser toutes activités permettant de promouvoir les arts énergétiques et martiaux chinois",Courbevoie,91  BOULEVARD DE VERDUN,92400,http://kungfu92.fr
2013-04-03,ASSOCIATION RESEAU EDUCATION FRANCE-CHINE,AREFC,établir le lien avec un réseau d'étudiants chinois potentiellement intéressés pour poursuivre leurs études en France; Les aider à apprendre le français et suivre les cursus proposés en fonction de leurs attentes sur les programmes de formation (niveau Bac+3 et Bac+5); Collaborer avec une ou plusieurs Universités voire Instituts/organismes de formation qui n'ont pas à l'heure d'aujourd'hui de partenariat avec les écoles en Chine ou de réseaux d'étudiants chinois afin de pouvoir les accueillir et favoriser ainsi la diversité et l'aspect multiculturel des classes,Courbevoie,62  rue Rue de Strasbourg,92400,www.arefc.org
2013-09-11,INSTITUT ASIAFORME,INSTITUT ASIAFORME,formation continues d'adultes en thérapie traditionnelle chinoise et en développement personnel,Cholet,29 AVENUE DU MARÉCHAL LECLERC,49300,https://www.asiaforme.com
2013-10-14,ASSOCIATION D'ECHANGES CULTURELS ET FAMILIALS FRANCO-CHINOIS,A.E.F.C,promouvoir les échanges culturels et familials entre la Chine et la France,Gennevilliers,80  rue Henri Barbusse,92230,www.assofrancochinois.com
2016-02-15,"YIN YANG WUSHU, ARTS MARTIAUX ET ENERGÉTIQUES",YIN YANG WUSHU,"enseigner, pratiquer et promouvoir les disciplines du « WuShu » regroupant les Arts Martiaux et Énergétiques Chinois (ou affinitaires) : le Kung Fu WuShu, le Taiji Quan, le Qi Qong",Asnières-sur-Seine,5  RUE SADI CARNOT,92600,www.yinyangwushu.fr
2016-11-20,ASSOCIATION DE TENNIS FRANCO-CHINOIS,ATFC,entraînement et organisation des activités autour de tennis,Courbevoie,43  avenue Marceau,92400,http://atfctennis.com
2016-12-03,MAGICIENS CHINOIS EN FRANCE,MCF,stimuler la communication entre les magiciens chinois et magiciens français,Levallois-Perret,82  rue Baudin,92300,http://magicienenfrance.strikingly.com/
2018-01-24,BAMBOU SUR SEINE,BSS,"promouvoir la culture Chinoise à travers l'histoire, l'art et la langue, auprès du public Français et Franco-Chinois ; diffuser des connaissances en proposant des expositions, conférences, formations et échanges évènementiels ; cette mise à disposition de l'information visuelle, textuelle et orale à la fois spécialisée et démocratisée est réalisée principalement en Français et Chinois, par souci de large diffusion et de dialogues entre les cultures ; les initiatives développées par l'association s'inscrivent dans le cadre de collaborations artistiques, institutionnelles et scientifiques en France jusqu'en Chine ;",Puteaux,108  RUE DE LA REPUBLIQUE,92800,http://bambousurseine.org
2019-03-13,TEAM BOL D'OR FOREVER,BOL D'OR FOREVER,"d'aider à faire rouler en priorité les honda type bol d'or dans le domaine de la pratique moto sur piste, en entraînement comme en compétition, à former et donner tous conseils techniques sur la mécanique, le pilotage et de répondre à toutes questions reliant la discipline à ce type de machine ; de faire participer son équipe à la pratique des sports mécaniques motos sur piste, en entrainement comme en compétition, à faire participer des jeunes à des manifestations organisées par la fédération française de motocyclisme et à promouvoir la sécurisée routière ; le team aura la possibilité de présenter ces machines sur des salons et autre exposition pour faire ça promotion hors période de compétions ; le team aura la possibilité d'organiser des roulages entrainement encadré nommé : bol d'or cup forever ; ils s'organiseront autour de son forum portant les initial : bocf (pour bol d'or cup forever)",Levallois-Perret,85  RUE ARISTIDE BRIAND,92300,http://bocf.forumactif.com
2021-03-15,A L'ÉCOLE DE SHUANG,A L'ÉCOLE DE SHUANG,"promouvoir,  enseigner,  diffuser le chinois en France ; 
Préparer les apprenants à l'ensemble des concours ou tests officiels, comme notamment les « HSK » ; 
l'initiation et la pratique de la langue chinoise auprès de ses adhérents, comme également la possibilité de faire prendre en charge, auprès des entreprises, cet enseignement au titre de la formation continue ; 
Ainsi que  : 
Développer les facultés morales, intellectuelles, artistiques et langagières de ses membres par l'utilisation de toute méthode, tout support connu aujourd'hui et à l'avenir ; 
l' enseignement de la calligraphie et de la peinture chinoise ; 
L'enseignement et la pratique des arts martiaux comme notamment le Qigong et taiqiquan
Organiser des séjours en Chine pour l'apprentissage du chinois et la découverte du pays et de ses spécificités notamment comme la porcelaine de Jingdezhen, comme l'armée de Xi'an ou encore, comme la cuisine du Sichuan ;  ;  ; 
Organiser des rencontres en France ou en Chine dans le cadre des activités de l'Association ; Des rencontres relatives à la langue et/ou à la culture et/ou aux arts dispensés dans l'association ou ayant un rapport avec la Chine ; 
Faire de la publication de textes ou d'ouvrages en chinois et vis et versa ; 
Concevoir, produire, réaliser, publier, diffuser, tout type de programme sur et pour tout type de support en relation avec l'apprentissage de la langue chinoise et / ou  de la culture chinoise et française ; 
Toute action notamment dans le domaine du multimédia, de l'internet, de l'intranet, se rapportant aux activités précitées, 
Toute action de formation ayant un rapport direct avec l'objet principal des statuts, comme notamment formation en rapport avec un domaine spécifique de la langue (la presse ou les lettres classiques ou le domaine du sport ;  ;  ; )",Bois-Colombes,7 bis  ALLEE DES PASSIFLORES,92270,http://alecoledeshuangwixsite.com/alecoledeshuang
1985-10-10,ÉCOLE CHINOISE DE PARIS,ECOLE CHINOISE DE PARIS,"enseigner les langues, mener des activités culturelles, essentiellement d'héritage chinois, mais non exclusivement ; promouvoir toute activité propre à compléter cet enseignement et cette découverte",Paris 13e,11 RUE CAILLAUX,75013,http://ecolechinoisedeparis.com/
2024-08-22,LIGUE ÎLE DE FRANCE DE LA FÉDÉRATION WUSHU FRANCE,LIGUE ILE DE FRANCE FWF,"fédérer les associations au sein desquelles sont pratiqués les arts énergétiques et martiaux chinois dont la liste est fixée par arrêté du ministre chargé des sports ou par décision du comité directeur fédéral ; Développer le goût, la pratique et l'enseignement du wushu et des arts énergétiques d'origine chinoise, sous leurs formes les plus diverses, compétitives, sportives, méditatives ou orientées vers le bien être à l'exclusion de toute discussion ou ingérence politique ou religieuse ; Étudier et transmettre la technique, la tradition et l'esprit originaux de ces arts, sans discrimination de style ou d'école, et dans le respect de leur différence et de leur diversité ; Entreprendre toute action susceptible d'apporter aux organismes affiliés une aide effective dans leur fonctionnement sur le plan de l'enseignement, de la création, de la diffusion et de la documentation, etc ; Représenter les organismes affiliés et défendre les intérêts du wushu modernes et traditionnels, des Art Énergétiques chinois ; Faire respecter les règlements de la fédération ; Favoriser toutes activités permettant de promouvoir le wushu et les arts énergétiques d'origine chinoise, et rechercher d'une façon générale tous les moyens légaux, éthiques et déontologiques propres à atteindre les buts définis ;",Clichy,48  RUE MARTRE,92110,https://ligue-idf.fwfwushu.fr/
2025-05-01,CHOEUR FRANCO-CHINOIS DE PARIS,CFCP,promouvoir le chant choral ; faciliter les échanges musicales et culturels entre la France et la Chine ; permettre la pratique du chant dans un cadre amateur et semi-professionnel ;,Courbevoie,8 RUE DU SERGENT BOBILLOT,92400,http://choeurfrancochinoisdeparis.fr/
2015-12-03,LA CANTINE CHINOISE,LCC,"la promotion des échanges culturels entre les jeunes expatriés chinois en France et les français en général ; la promotion des projets réalisés par les jeune expatriés chinois ; la création et le développement des activités culturels (meetup, conférences)",Boulogne-Billancourt,6  avenue PIERRE GRENIER,92100,http://lacantinechinoise.org/
2016-09-02,COUTURE BY SÈVRES - CBYS,COUTURE BY SÈVRES - CBYS,"s'initier à la couture ou de parfaire ses connaissances dans ce domaine ; pratiquer régulièrement la couture à la machine ou à la main ; favoriser les rencontres, la convivialité et les échanges entre les adhérents",Sèvres,61 RUE BRANCAS,92310,https://sevres-associatif.fr/couturebysevres
2019-12-01,ASSOCIATION POUR LA COMMUNICATION DE CREATION CULTURELLE FRANCO-CHINOIS,ACCCFC,"favoriser et développer des communications culturelles entre la Chine et la France et plus largement entre la Chine et l'Europe ; Organiser et promouvoir les activités relatives aux échanges culturels (exposition, conférence, atelier
) ouvertes au public ; Aider au développement des commerces de création culturelle (art, mode, cinéma, littérature, musique, histoire
) ; Assister aux entreprises et associations comprendre mieux la différence d'esthétique culturelle dans leur communication et promotion en Chine, en France et en Europe, à titre gratuit ou payant ;",Issy-les-Moulineaux,66  RUE DE L EGALITE,92130,http://acccfc.com
2007-01-22,CLUB DES JEUNES ENTREPRENEURS FRANCE-CHINE,JEUNES ENTREPRENEURS FRANCE-CHINE,Développer et favoriser l'amitié et les relations entre les entrepreneurs de France et de Chine,Montreuil,14  rue des Fédérés,93100,www.jefz.org
2014-06-23,ASSOCIATION POUR L'APPRENTISSAGE ET LE DEVELOPPEMENT DES LANGUES (AD LANGUES),AD LANGUES,"former les personnes désirant apprendre les langues et plus particulièrement, le français, l'anglais, l'espagnol et le mandarin ; l'association pourra effectuer toutes opérations industrielles, commerciales ou financières, mobilières ou immobilières, pouvant se rattacher directement ou indirectement à l'objet social ou susceptibles d'en faciliter l'expression ou le développement ; l'association pourra vendre les services réalisés pour atteindre son objectif",Pantin,45 RUE DELIZY,93500,adlangues.org
2016-03-23,TADA MACHINE,TADA MACHINE,"contribuer au dialogue social et citoyen dans l'espace urbain, sur le territoire francilien ainsi qu'à l'international par la mise en oeuvre et la promotion de créations et de projets artistiques et culturels majoritairement participatifs, notamment par la scénographie, le graphisme, le design, la création audiovisuelle, littéraire, photographique, textile ou multimédia, le cirque et les arts de la rue, la musique, le chant, les arts de la scène, le théâtre, le cinéma et l'édition et toutes opérations quelconques y contribuant, en s'attachant particulièrement à favoriser l'insertion professionnelle d'artistes et créateurs par l'emploie notamment auprès des personnes en difficulté financière",Pantin,81 avenue Pablo Picasso,93400,http://www.tadamachine.org
2017-02-21,FÉDÉRATION DE LA COMMUNAUTÉ CHINOISE EN FRANCE (FCCFRANCE),FCCFRANCE,"favoriser l'intégration des résidents d'origine chinoise en France ; promouvoir l'amitié entre les résidents d'origine chinoise et les autres communautés de la France ; organiser des échanges culturelles, des activités de loisirs ainsi que les ateliers d'initiation à la langue française et à la langue chinoise ; organiser les activités visant à faire connaître les droits dans l'objectif d'une meilleure intégration des résidents franco-chinois ; assister, défendre et faire valoir des droits des victimes d'agressions",Aubervilliers,87  avenue Victor Hugo,93300,http://fccfrance.fr/
2018-05-07,ELODY ACADEMY,ELODY,"promouvoir et organiser des formations dans les différentes disciplines associées à l'intelligence artificielle telles que la programmation avancée, les sciences des données, les techniques associées au « Big Data » ou encore l'apprentissage automatique (ou machine learning en anglais) dans les territoires suivants : Antilles françaises, Guyane, Réunion et Haïti. Le continent africain dans sa globalité ; n'importe quelle autre partie du monde (Asie, Amérique du Sud, Europe)",Montreuil,23  RUE FRANKLIN,93100,http://www.elody.me
2021-05-08,ITADAKIMASU,ITADAKIMASU,"itadakimasu est une initiative de cuisine solidaire à destination des jeunes d'Ile de France ; nous cuisinons et livrons des Repas bénévolement aux étudiants en situation de précarité suite à la crise du covid ; la livraison se fait de manière ponctuelle, une fois par mois en général mais surtout en fonction des besoins des étudiants que nous avons sondé ; la vie est un océan cruel et imprévisible ; il n'y a rien de plus dur que de se retrouver en pleine mer sans nourriture ; alors quand une personne a faim, on en fait une affaire personnelle !",Saint-Denis,3  RUE DU PLOUICH,93200,https://linkerz.fr/itadakimasu
2023-04-17,PLUS RÉPARABLE,PLUS RÉPARABLE,"l'association Plus Réparable a pour objet de promouvoir l'évaluation et l'amélioration de la réparabilité des produits, engins et machines dans tous les secteurs d'activité, aussi bien en France qu'à l'étranger ; Les actions de l'association contribuent au développement de l'économie circulaire et à la transition écologique des organisations et entreprises ; 
Pour que l'éco-conception devienne une évidence, l'association sensibilise les décideurs d'aujourd'hui et de demain aux enjeux techniques, économiques et écologiques de la réparabilité, considérée comme un point d'entrée dans l'économie circulaire ; les actions conduites par l'association consistent à : 
a/ sensibiliser divers publics aux enjeux économiques, techniques et écologiques liés à la réparabilité des produits, engins et machines ; ces divers publics peuvent comprendre (liste non limitative) : - les élèves, étudiants et équipes pédagogiques des universités, écoles d'ingénieurs, écoles de design, écoles de commerce et plus généralement de tout organisme d'enseignement ;  - les entreprises, groupements d'entreprises, organisations professionnelles, centres de recherche, centres et instituts techniques ; 
- les associations et les clubs de toute nature, en particulier en matière de protection de l'environnement et de modes de consommation ; - le grand public ; b/ Informer ses membres et également le grand public sur l'actualité des thèmes liés à la réparabilité ; c/ Mettre à la disposition de ses membres des guides et outils méthodologiques concernant la caractérisation, l'évaluation et l'amélioration de la réparabilité des produits, engins et machines ; l'accès aux guides et outils méthodologiques est conditionné par un engagement de la part de ses membres de respecter une charte générale et des règles pour chaque catégorie de membres, tout en s'acquittant des cotisations annuelles correspondant à leur catégorie et type de membre ; la charte générale, les règles à respecter par catégorie de membres et le montant des cotisations par catégorie et type de membres figurent dans le règlement intérieur ; d/ Promouvoir et encourager les démarches d'évaluation et également d'amélioration de la réparabilité en publiant les résultats obtenus par ses membres sur le site internet de l'association, afin de les mettre en valeur auprès de divers publics ; e) Animer une ou plusieurs communauté (s) de membres, sympathisants et utilisateurs de produits, notamment par le biais de son site Web et de réseaux sociaux, dans l'objectif d'une large sensibilisation et finalement de diffusion ; les avis et réactions sollicités auprès de ces acteurs permettront d'affiner, voire de compléter les actions de l'association",Montreuil,88  AVENUE PASTEUR,93100,https://plus-reparable.fr/
2024-03-28,FIGURE TRANSPORTEUR L'ASSOCIATION DE L'ART ET DE LA CULTURE ( FIGURE TRANSPORTEUR ),FIGURE TRANSPORTEUR,"aider les artistes chinois et les institutions artistiques à mieux comprendre l'environnement artistique français, en particulier en ce qui concerne les lois et règlements, en fournissant les connaissances et informations nécessaires ; aider les artistes français et les institutions artistiques à mieux comprendre l'environnement artistique chinois, en particulier en ce qui concerne les lois et règlements, en fournissant les connaissances et informations nécessaires ; promouvoir la coopération entre individus et institutions artistiques chinoises et françaises pour un développement coordonné et mutuellement bénéfique ; organiser des activités culturelles et artistiques entre les deux pays, organiser des projets artistiques et autres événements connexes ; organiser des expositions, des présentations, des performances et de grands événements liés à l'art contemporain ; organiser des conférences, des séminaires, des visites, des entretiens et autres activités dans les domaines de l'art, de la musique, de l'histoire et de la culture",Saint-Ouen-sur-Seine,128  AVENUE MICHELET,93400,https://www.figure-transporteur.com/
2025-02-14,PASSERELLE SINO-FRANÇAISE ( PSF ),PSF,"faciliter l'intégration des étudiants et immigrés chinois en France en les accompagnant dans leurs démarches administratives, l'inscription scolaire et la recherche de logement ; promouvoir les échanges culturels sino-français en favorisant la découverte mutuelle des traditions, des modes de vie et des systèmes éducatifs des deux pays",Aubervilliers,4  RUE MADELEINE VIONNET,93300,https://sites.google.com/view/paserelle-sino-francaise
2007-05-23,AULNAYCITOYEN,AULNAYCITOYEN,"assurer que le vote soit vérifiable par l'électeur dans la ville d'Aulnay-sous-bois en faisant notamment les actions suivantes : informer sur les problèmes entraînés par l'utilisation des machines à voter, proposer aux élus une expertise sur les conséquences de la dématérialisation du vote, agir en vue de tisser des liens de coopération et d'amitiés avec d'autres associations et organismes nationaux et internationaux à même vocation",Aulnay-sous-Bois,50  rue Aristide Briand,93600,www.aulnaycitoyen.org
2007-05-30,ASSOCIATION LIAN POUR LES ECHANGES ET LES CULTURES TRADITIONNELLES,ASSOCIATION LIAN POUR LES ECHANGES ...,"favoriser les échanges entre l'Europe et l'Asie et en particulier entre la France et la Chine dans les domaines de la culture et de la recherche en sciences sociales, promouvoir les cultures, les traditions et les langues des pays cités, participer activement à la conservation des patrimoines culturels des pays cités, toute autre moyen légal",Neuilly-Plaisance,19  Boulevard  Galliéni,93360,http://www.chine-informations.com
2008-08-19,3T NOISY LE GRAND - 3T-NLG,3T NOISY LE GRAND - 3T-NLG,pratique des arts martiaux chinois et culture chinoise,Noisy-le-Grand,37B AVENUE GEORGES CLÉMENCEAU,93160,http://www.3t-artsmartiaux.fr
2010-06-17,L'ACADEMIE DES BANLIEUES,L'ACADEMIE DES BANLIEUES,"donner la parole à toutes celles et ceux qui, vivant ou travaillant en banlieue, ne supportent plus les discours réducteurs, les images dégradées, sinon dégradantes, que trop de médias véhiculent autour des villes de banlieue populaire, nos villes, nos territoires, nos populations méritent respect et exigent d'être considérés et traités avec dignité, pour en finir avec l'ignorance de ce que nous sommes, nous nous rassemblons pour étudier, sans complaisance mais sans parti pris, ce qui fait, ce qui est notre vie, nous sommes résolus à combattre les discours mensongers ou erronés mais nous voulons avant tout valoriser les richesses et les talents de nos banlieues, c'est pourquoi nous avons décidé de nous regrouper afin de combattre les informations mensongères, ignorantes ou erronées de nos villes afin de rétablir la vérité des banlieues, pour ce faire, l'Académie des banlieues met en place un observatoire recensant et analysant la présentation et les représentations des banlieues opérées par les médias ; installer une académie des banlieues composée de personnes représentatives des actions et des richesses des banlieues qui organisera des opérations autour des thèmes de la vie et des images des banlieues",Tremblay-en-France,18  boulevard de l'Hôtel de Ville,93290,http://www.academie-des-banlieues.fr
2014-05-05,L'EVEIL DU LOTUS,L'EVEIL DU LOTUS,"enseigner et promouvoir la pratique du qi gong, ainsi que la culture chinoise appliquée au bien-être et à la santé selon les principes de la médecine traditionnelle chinoise (MTC)",Noisy-le-Grand,5  chemin de ronde,93160,franckie1972.wix.com/lotus93
2006-05-05,HAPPY LONG TAI CHI CHUAN,HAPPY LONG TAI CHI CHUAN,"développer la pratique et l'enseignement du taï chi chuan et autres arts énergétiques et martiaux d'origine chinoise sous toutes leurs formes ; faciliter l'accès à toutes les dimensions de ces arts : dimension de santé, culturelle et martiale ; favoriser les liens avec d'autres associations et fédérations poursuivant des buts identiques",Saint-Maur-des-Fossés,6 RUE CLEMENT,94100,http://www.saintmaurtaichi.com
2006-08-24,"""HIHAN-COLLECTIONS (HEBERGEMENT INFORMATIQUE, HUMAINS, ANES, NATURE, COLLECTIONS)","""HIHAN-COLLECTIONS (HEBERGEMENT IN...","Promouvoir, faire connaître la race asine sous toutes ses diversités quel que soit son origine (Province, Poitou, Normand, Berry, Commun, etc.). Permettre d'accéder à un espace Internet à tout collectionneur  asinophile ou/et tout passionné de la race asine. Réaliser des reportages en allant sur les foires et aux fêtes organisées, dont le but est de promouvoir la race asine, mais aussi en réalisant des interviews auprès de propriétaires ou de passionnés de nos amis les ânes.",Choisy-le-Roi,2  Rue Sébastopol,94600,www.hihan-collections.fr
2011-06-01,A LA FONTAINE DE TAICHI,FDT,"pratiques, non seulement, des arts martiaux du taïchi tels que transmis initialement par l'enseignant taïwanais m ; deng shihai  - alias tang see-hoy - au sein de l'école dite yangjia laojia  à taïwan, et aussi, de tous les arts martiaux dits internes et arts énergétiques chinois (ci-après désignées, pour les premières, les « pratiques yjlj » et, pour l'ensemble d'entre elles, les « pratiques ») ; production d'une réflexion scientifique critique (ci-après désignées la « réflexion critique ») sur l'anthropologie, l'histoire, la sémiotique, la culture, l'organisation, la sociologie, la philosophie, l'enseignement (didactique et pédagogie) , la certification, les contenus, les techniques et la description des pratiques ; contribution au développement d'une didactique et d'une pédagogie critiques, autonomes, adaptatives, modulables et scientifiques des pratiques au sein du réseau associatif dénommé a la fontaine de taichi, initié par romain sabon (ci-après le « réseau fdt ») ; réception, partage, transmission et promotion des pratiques, de la réflexion critique et des didactiques et pédagogies du réseau fdt ; promotion du réseau fdt et le soutien humain, matériel et financier au réseau fdt ; organisation de cours, de stages, de pratiques, d'ateliers, de conférences, de voyages, la production d'ouvrages, de supports médiatiques, de programmes d'études pour réaliser la réception, le partage et la transmission des pratiques et de la réflexion critique ; formation de bénévoles, d'enseignant ; es certifié ; es ainsi que d'animateurs et animatrices qualifiée ; es pour réaliser lesdits partage et transmission ; entraînement des membres pour les championnats, compétitions et concours des arts martiaux de taïchi ainsi que la formation des entraîneur-e-s ; soutien matériel et financier à la participation d'enseignant ; es, animateurs et animatrices à des formations en didactique ou pédagogie ainsi qu'en techniques, diplômantes, certifiantes ou non, qu'elles soient fédérales, d'école, académiques, associatives ou hors cadre institutionnel ; acquisition, construction, location, conception, utilisation de tous outils, matériels, matériaux, terrains, bâtis, espaces, lieux, droits, assurances permettant la réalisation de l'objet de l'association, notamment d'un siège social, d'un centre des activités du réseau fdt, d'un accueil et d'un encadrement de tout public désireux d'être destinataire du partage et de la transmission des pratiques ou de la réflexion critique ainsi que des didactiques et pédagogies diffusées par le réseau fdt, l'école yangjia laojia ou la fédération d'affiliation ; financement des actions permettant la réalisation du présent objet, par la fabrication et la vente d'objets, de biens, de produits, alimentaires ou non, médiatiques ou non, tels que notamment des armes, des vêtements, des manuels, vidéos et audios destinées aux pratiques ou à la réflexion critique, ainsi que par l'organisation d'actions ou d'événements tels que, notamment, des stages, des cours, des festivals, des rencontres, des ateliers, des conférences ou des fédérations ; financement de la réalisation du présent objet au moyen également de l'investissement financier et de la perception de produits financiers afférents ; développement de l'activité partout sans limite territoriale, notamment dans tous quartiers, toutes communes, toutes communautés de communes, tous pays traditionnels, tous départements, toutes provinces, toutes régions, tous etats, toutes unions d'etat, toutes zones non étatiques ; association peut ester en justice devant toutes les juridictions, notamment celles civiles, administratives, pénales, commerciales, sportives, fédérales, arbitrales, nationales, communautaires ou internationales, en france et à l'étranger, dans tous les ressorts territoriaux",Figeac,ROUTE DU SALES,46210,https://alafontainedetaichi.jimdofree.com/
2013-11-04,W-E-VAGO,W-E-VAGO,"découvrir ensemble les patrimoines culturels et naturels de la chine à travers de l'organisation des activités culturelles et touristiques, et de certains voyages qui nous permettent de respirer de l'air pur, de rencontrer des personnes, de découvrir des pensées et de différentes cultures, et de trouver des curs ouverts et épanouis; en outre, l'association w-e vago, d'une part, choisit chaque année un thème de voyage et trois voyages seront organisés autour de ce thème, d'autre part, propose des soirées découvertes lors desquelles des spécialistes interviennent pour présenter leurs expériences de voyage, les histoires et les cultures locales de chine, par conséquent, les destinations de voyages sont choisies collectivement et nous préparons ensemble le voyage!",Ivry-sur-Seine,191  Rue des Pyrénées,75020,http://wevago.jimdo.com/
2013-12-28,GUIDE CULTUREL DE CHINE,GUIDE CULTUREL DE CHINE,participer à l'organisation d'évènement culturel ; conseil communication et stratégie culturelle ; publication de l'actualité culturelle sur le site internet ; échange culturel entre la chine et la France; il est composé de plusieurs thèmes ;exposition ; festival ; cinéma ; conférence ; opéra ; théâtre ; spectacle vivant,Nogent-sur-Marne,8 B RUE DES HéROS NOGENTAIS,94130,www.gcchine.com
2015-03-25,L'ASSOCIATION DES JEUNES ENTREPRENEURS FRANCO - CHINOIS (AJEFC),AJEFC,"concourir au développement des coopérations internationales à travers le monde, et plus particulièrement, à une coopération entre des jeunes entrepreneurs franco-chinois ; elle favorise, coordonne et organise les actions répondant à l'objet de l'association dans les domaines de l'éducation, de la culture, de la recherche, de l'industrie, de l'économie et de la politique ; l'association rassemble toutes personnes physiques ou morales partageant ses idées et ses objectifs sans distinction de nationalité",Ivry-sur-Seine,15  place Marcel Cachin,94200,www.ajefc.org
2017-08-10,ASSOCIATION DE LA LANGUE ET DE LA CULTURE FRANCO-CHINOISE (A.L.C.F.C.),ALCFC,"propose des échanges qui permettent à tout le monde de vivre une expérience culturelle et linguistique ; diffusion de la langue chinois et française pour des étudiantes, faire des plateformes pour se developper des cultures différentes",Vitry-sur-Seine,39  RUE DU COLONEL MOLL,94400,http://www.alcfc.fr
2017-09-25,ZHONFA,ZHONFA,"constituer une structure privilégiée de dialogue, de coopération et d'échange entre la France et la Chine Hong-Kong, Macao et Taiwan inclus dans les domaines économique, culturel, éducatif, touristique, sportif ou encore linguistique ; oeuvrer à promouvoir des relations d'amitié et de coopération entre les deux pays et favoriser leur connaissance réciproque dans une approche de développement mutuel et durable ; conseiller, développer et animer des projets d'investissements, des opportunités d'affaires et promouvoir l'établissement de liens économiques au niveau des TPE et PME",Saint-Maur-des-Fossés,56  AVENUE DE TUNIS,94100,https://www.zhonfa.org
2017-12-17,ALLIANCE CHINOISE-FORMATION DE CHINOIS,ACFC,"effectuer les échanges franco-chinois linguistiques et culturels, notamment la formation du chinois au titre onéreux",Montigny-le-Bretonneux,5 MAIL DES THUYAS,78180,http://www.acfclangues.com
2018-07-16,ALLIANCE CINÉASTE CHINE-EUROPE (ACCE),(ACCE),"cette association a pour objet de promouvoir la communication des cinéastes entre la Chine et la France ainsi que l'Asie et l'Europe ; de créer des partenariats favorisant et soutenant le dialogue et l'échange concernant le cinéma de toute sorte (rencontres, conférences, colloques, expositions, festivals, concours, etc ; ) ; de jeter des ponts de la production et la distribution du film entre la Chine et l'Europe ; de construire une plate-forme de collaboration multiculturelle et transdisciplinaire entre les cinéastes, les artistes, les photographes, les musiciens, etc ; d'établir et développer des relations de coopérations et de partenariats avec des associations, des unions et des organisations nationales et internationales",Maisons-Alfort,104 RUE MARC SANGNIER,94700,https://accefilm.com
2021-09-01,ASSOCIATION DE SANTÉ ET D'ÉDUCATION DES MAMANS ET DES ENFANTS SINO-FRANÇAIS,ASSOCIATION DE SANTÉ ET D'ÉDUCATIO...,"cette association a pour objet de créer une communauté d'entraide entre les mamans sur la santé et l'éducation des enfants sino-français, de promouvoir la méthode d'accompagnement d'avant et d'après l'accouchement selon les cultures traditionnelles chinoises et de développer un partenariat privilégié  et durable avec toutes les personnes physiques ou morales ayant les mêmes objectifs",Saint-Maur-des-Fossés,79  AVENUE FOCH,94100,http://www.aseme.fr
2023-12-15,TAIJI QUAN IVRY,TAIJI QUAN IVRY,"enseignement, promotion et développement de la pratique du Taiji Quan, du Qiquong et des pratiques associées de la Fédération Française des Arts Énergétiques et Martiaux Chinois ; Viser à faciliter l'accès de tout public à ces pratiques ;",Ivry-sur-Seine,13  RUE TRUILLOT,94200,http://www.taijiquan-ivry.fr/
2009-04-17,LA MOUETTE,LA MOUETTE,"développer l'usage de la bureautique libre dans tous les domaines, pour tous les publics, dans le monde francophone, et en particulier apporter son soutien aux projets de logiciels libres, implémentant le format ODF (Open Document Format) ""norme ISO 26300"" et ses évolutions tels que LibreOffice de ""The Document Foundation"", OpenOffice.org ou tout autre projet similaire respectant les standards du logiciel libre, tels que définis par la Free Software Foundation qui aurait besoin d'un soutien ; assurer la promotion de ces projets et soutenir les projets à l'international lorsqu'il s'agît de ressources partagées (machines par exemple) ; représenter les utilisateurs francophones des suites bureautiques ou des produits autres rattachés à ces projets ; susciter des actions visant à améliorer les produits",Mions,369 CHEMIN DU VERGER,38200,www.lamouette.org
2012-10-11,ASSOCIATION DE MEI HUA ZHUANG PARIS,MEI HUA ZHUANG PARIS,"étude,la pratique,la promotion et le développement du Mei Hua Zhuang (MHZ),art martial traditionnel chinois,en respectant l'enseignement traditionnel des maîtres chinois tel qu'il a été transmis au fil des siècles en Chine puis en Europe",Montévrain,21 RUE D'AMSTERDAM,77144,http://www.meihuazhuang.org/association-paris
2014-06-24,"ASSOCIATION DE TAÏ CHI CHUAN TRADITIONNEL, STYLE WU FRANCE - NOGENT SUR MARNE",ASSOCIATION DE TAÏ CHI CHUAN TRADIT..,"promouvoir et enseigner le taï chi chuan traditionnel, style wu, d'origine chinoise, ainsi que les armes (épée, sabre, éventails...) et les danses du lion et du dragon en complément des pratiques martiales ; organiser des manifestations avec d'autres associations d'arts martiaux, voire organiser un partenariat avec elles",Nogent-sur-Marne,2 rue Jean Monnet,94130,https://tcwu.e-monsite.com/pages/historique.html
2017-01-30,FANLING ACADÉMIE DE KUNG FU,FANLING KUNGFU,"développer et transmettre tous les arts martiaux Chinois sous toutes ces formes ainsi que la découverte de la culture Chinoise ; Ses moyens d'action sont des séances d'entraînement, l'organisation et la participation à des compétitions, des démonstrations, des conférences et cours sur les questions sportives, des stages, des voyages d'échange et de découverte et, en général, tous exercices et toutes initiatives propres à la formation physique et morale ;",Ivry-sur-Seine,29 RUE LEDRU ROLLIN,94200,https://www.fanlingkungfu.com
2019-07-16,ASSOCIATION LINGUISTIQUE ET CULTURELLE DES AMIS DU CHINOIS (ALCAC),ALCAC,"-Proposer de cours de langue chinois ( mandarin simplifié et transitionnel) à toute personne le souhaitant ; 
-Faire connaître la civilisation chinoise ; 
-Promouvoir  les échanges culturels ( cinéma, littérature, musique, arts martiaux, cuisine ;  ;  ;  ;  ; ) , économique et touristique entre la France et le monde Chinois : la Chine, Taïwan, Hong Kong, Singapour ;  ;  ; ) 
-Proposer des voyages d'étude en Chine, Taïwan, Hong Kong, Singapour ;  ;  ;",Vincennes,46  AVENUE AUBERT,94300,https://zhouyoxuan.blogspot.com/
2021-10-04,FREESTYLOGIE,FREESTYLOGIE,"proposer des activités gymniques variées : 
- Capoeira
- Break Dance
- Parkour
- Tricks
- Gymnastique sportive
- Trampoline
- Work Out
- Mat chinois",Thiais,83  Avenue de Versailles,94320,https://freestylogie.com/
2025-04-23,MACHINE LEARNING FOR GOOD,ML4GOOD,promouvoir l'éducation en sécurité de l'intelligence artificielle notamment à travers des stages de formation,Arcueil,39  AVENUE FRANCOIS VINCENT RASPAIL,94110,https://www.ml4good.org/
1948-03-02,"GROUPEMENT NATIONAL D'APPRENTISSAGE DES METIERS, DE LA REPARATION DE L'AUTOMOBILE, DE LA MOTO ET DU CYCLE (GARAC) ECOLE NATIONAL SUPERIEURE DES PROFESSIONS DE L'AUTOMOBILE ET DU MOTOCYCLE.",GROUPEMENT NATIONAL D'APPRENTISSAG...,"l'organisation et le développement de l'enseignement et de la formation initiale professionnelle et technologique dans la branche des services de l'automobile et, d'une manière générale, tous les services liés à la mobilité (la distribution, et la réparation des véhicules automobiles, motocycles, véhicules industriels, bateaux de plaisance, machines agricoles et de jardins et matériels annexes, les métiers de la mécatronique, de la carrosserie, de la gestion et de la vente etc  ) ;",Argenteuil,3 BOULEVARD GALLIENI,95100,http://garac.com
1991-05-31,OSHUKAI FRANCE,OSHU KAI FRANCE,développer la pratique traditionnelle du karaté Shorin Ryu d'Okinawa et le Kobudo d'Okinawa sous la direction technique de maître Kenyu Chinen et créer toute activité permettant par des moyens légaux de faire connaître ces techniques,PARIS,2 IMPASSE DE LIQUIS,30670,http://www.oshukai.fr.
2015-03-01,ASSOCIATION POUR LA PROMOTION DES ECHANGES CULTURELS SPORTIFS ET ECONOMIQUES FRANCE CHINE,ASSOCIATION ECHANGE FRANCE CHINE,"favoriser au développement des échanges culturels, sportifs et économiques entre la Chine et la France ; développer la pratique des activités sportives, culturelles, touristiques, économiques dans un but de loisir et de compétition ; favoriser les rencontres, l'accueil chaleureux et les échanges interculturels franco-chinois et sportifs, économiques internationaux, de promouvoir, considérer, renforcer et encourager le développement des échanges entre les peuples de France et de Chine dans tous les domaines ; notre association devient ainsi un véritable pont d'échange culturels, économiques, touristiques, linguistiques, scientifiques, techniques, éducatifs, sportifs entre la France et la Chine",Deuil-la-Barre,296  rue d'épinay,95170,http://www.associationechangefrancechine.sitew.fr
2018-08-04,FUN ENGLISH & MANDARIN ASSOCIATION,FUN ENCN,"améliorer les compétences des enfants en anglais et en mandarin ; construire les fondations du bilinguisme/trilinguisme chez l'enfant et surtout, le désir d'apprendre les autres langues et de s'ouvrir ainsi à d'autres cultures ; ouvrir les horizons des enfants ;",Deuil-la-Barre,25  RUE DE LA BARRE,95170,http://www.funencn.com
2023-03-21,FRANCE WING CHUN SECTION 95,FWC95,promotion et pratique des arts martiaux chinois,Montmagny,13  RUE DE RICHEBOURG,95360,https://www.francewingchun.fr
2007-02-19,L'ARCHE EN SEL,L'ARCHE EN SEL,"animer, créer et diffuser des spectacles par l'utilisation de tous les accessoires permettant leur réalisation (jonglage et danse des armes, de feu, de lumiète, de pyrotechnie, de magie, de musique et machinerie, ainsi que tout autre displine artistique pouvant se rattaher aux arts du spectacle) ;  dispenser des stages, des formations, des initiations et des perfectionnements au jonglage ; développer un lieu de rencontre et de partage autour des jongleurs de lumière et de la danse du feu ; orga",Saintes,159  RUE DE LA BOULE,17100,www.larche-en-sel.com
2013-02-23,CENTRE FRANCO-CHINOIS DE R&D ET D'INNOVATION EN TEXTILE,CENTRE FRANCO-CHINOIS TEXTILE,"promouvoir la coopération franco-chinoise dans les domaines du textile ; faciliter les rencontres entre les designers, les chercheurs et les entreprises",Cergy,10  villa de l'Obier,95800,http://www.CentreFrancoChinoisTextile.Com
2020-06-24,ASSOCIATION AUVERS TAI CHI CHUAN,ASSOCIATION AUVERS TAI CHI CHUAN,promouvoir les Arts Energétiques et Martiaux Chinois et en particulier l'enseignement et la pratique du Tai Chi Chuan,Auvers-sur-Oise,23  RUE EUGENE LEFEBVRE,95430,http://taichiauvers.free.fr/taichiauvers
2025-08-08,XERA GLOBAL EXCHANGE & RESEARCH ASSOCIATION,XERA - ÉDUCATION INNOVATION RECHERCHE,"favoriser les échanges académiques, scientifiques, technologiques et culturels entre la France, la Chine et les autres pays, notamment par l'organisation de conférences, colloques, expositions et salons internationaux ; la mise en oeuvre de programmes d'échanges universitaire, de recherche et de stages ; le soutien aux projets d'innovation, de coopération et de développement durable ; l'accompagnement des étudiants, chercheurs et entrepreneurs dans leurs mobilités internationales",Cergy,29  RUE DES MARJOBERTS,95000,https://www.globalxera.org
2003-06-11,"ASSOFWI ASSOCIATION DES PRODUCTEURS DE FRUITS, AGROFORESTERIE, CAFÉ, CACAO, VANILLE DE GUADELOUPE",ASSOFWI ASSOCIATION DES PRODUCTEURS...,"la représentation et la défense permanente des intérêts professionnels, matériels et morraux des adhérents. l'étude et la diffusion entre ses membres de toutes informations concernant leurs activités; d'éffectuer toutes actions de formation, de diagnoctic et de conseil ayant trait à l'agriculture et à l'agrotransformation; de prendre en gestion tout site pouvant concourir au développement des activités des adhérents allanbt vers des pratiques agricoles durables ( parcelles pilotes ); de procéder à des études techniques, économiques, financières et comptables intéressant les adhérents ou leur activités professionnelle; d'intervenir et d'assurer toutes liaisons utiles avec les pouvoirs publics, les organismes semi-publics ou privés de tout ordre; la préparation et l'organisation de la production ainsi que la mise en marché des produits des adhérents; de participer au règlement amiable de tous différents pouvant survenir, d'une part, entre les adhérents et les, d'autre part, entre les adhérents et les autres professionnels de la production fruitière; et généralement, d'accomplir toutes les opérations autorisées par la loi, pouvant se rattacher directement ou indirectement à l'objet social ou susceptible d'en faciliter la réalisation; moyens d'action pour la réaliser ces buts, l'association pourra notamment: créer tous moyensd'informations, d'études et de documentation, éditer toutes brochures et périodiques; avoir une activité en tant que centre de formation: donner des formations aux producteurs et salariés agricoles et/ ou faire appel à des prestataires de services dans le domaine de la formation sur des thèmes particuliers; acquérir ou louer tous immeubles nécessaires à son activité; acquérir tous les objets nécessaires à son fonctionnement ; acquérir pour les louer, prêter ou répartir entre les adhérents tous objets ou biens nécessaires à l'exercice de leur profession de producteurs agricoles: outils, instruments, machines, parcelles; gérer tous sites à travers la mise en place de comités de pilotage et comités techniques composés des différents partenaires de la profession; prêter entremise gratuite pour la ventye des produits provenant exclusivement du travail personnel de ses adhérents; faciliter cette vente par exposition sans pouvoir l'opérer sous son nom et sous sa responsabilité; créer des marques ou labels sur tout produit de se adhérents pour en certifier l'origine et les conditions de commercialisation; d'une façon générale utiliser tous les moyens utiles et nécessaires au développement ou à l'amélioration de l'action professionnelle des membres; adhérer à toute union, fédération ou confédération constituées pour la défense des intérêts qu'elle représente",Vieux-Habitants,830,97119,http://assofwi.fr
2013-01-08,"AFFENE OFFICE - AGENCE DE FORMATION ET D'ENSEIGNEMENT POUR LE DEVELOPPEMENT DES COMPETENCES ET DES ENERGIES ET SON CENTRE TOMATIS ""ECOUTE ET PERFORMANCES""",AFFENE OFFICE ET SON CENTRE TOMATIS,"la réalisation et l'exercice de formations et d'enseignements qualifiants et diplômants dispensés sur place ou en intra établissements, de prestations d'interprétariat et de traduction, de pratique de la méthode tomatis®, pédagogie de l'écoute exercée au centre tomatis en individuel ou en commun à un public d'élèves primaire, secondaire et d'étudiants, d'adultes salariés ou demandeurs d'emplois, de séniors, de conseils et d'assistance aux services et établissements publics et privés ainsi, les activités de formations dispensées par l'établissement entrent dans le champs d'application des dispositions relatives à la formation professionnelle continue et à la formation initiale, notamment des actions de formation à la préparation de concours administratifs, techniques, judiciaires et juridictionnels, des actions de préformation et de préparation à la vie professionnelle, des actions d'adaptation et de développement des compétences des salariés et des actions de promotion professionnelle ; l'établissement propose des prestations de conseils, de coaching, de conseils juridiques, des activités d'interprétariat, de traduction, de sourcing et d'assistance en langues étrangères anglais, espagnol, chinois, portugais et des prestations de pédagogie de l'écoute avec la méthode tomatis®, menées avec l'assistance ou en complémentarité de spécialistes, de psycho thérapeutes, quand le cas le requiert ; l'établissement prépare, les élèves et les stagiaires, en partenariat et ou conjointement avec les établissements d'enseignement supérieur désignés, aux examens officiels en vue des diplômes et des titres délivrés par l'état, dans le cadre de formations associant développement durable et collectivités territoriales, entreprises management des énergies renouvelables, maîtrise de l'énergie et eco-construction ; l'établissement délivre aux stagiaires des certificats ou attestation de stages ; l'établissement propose des actions d'information ou de sensibilisation, des actions de conseil, de coaching, de simple adaptation à un poste de travail, des actions de développement personnel qui ne seraient pas en lien avec une problématique professionnelle ; des colloques, des séminaires et des symposiums ; des actions destinées à répondre à des obligations de certification, de développement de démarche qualité ; des activités de soutien et d'accompagnement d'études, des actions de très courte durée moins d'une journée, de courte durée trois à quinze jours, de moyenne à longue durée trois mois à 10 mois ; des actions à la sécurité mises à la charge de l'employeur par le code du travail ; l'association disposera d'un site internet, qui sera aussi site d'achat en ligne, à partir du 1er janvier 2016 qui aura pour but de faire connaître les activités de l'association, son fonctionnement, de contacter l'association par mail ou par visio, de s'inscrire aux formations, de télécharger gratuitement ou contre paiement certains documents dont le catalogue de formation ou des formulaires d'inscription, d'accéder à certains sites par des liens (administrations, services, société tomatis® développement SA par exemple)",Fort-de-France,50  RUE VINCENT PLACOLY,97200.0,www.affeneoffice.com
2021-03-19,YOGA INSTITUT,YOGA INSTITUT,"fourniture de conseils en bien-être en médecine douce et soins alternatifs, notamment en en homéopathie et médecine traditionnelle orientale (dans ses 5 branches) ; massages bien-être ; activités gymniques d'entretien et d'expression, de yoga (dans ses 8 branches), tai chi et de qi gong, et plus largement les arts chinois, pour tous publics ; ateliers sportifs, musicaux et créatifs pour les enfants autour du bien-être ; accueil collectif de mineurs (ACM) périscolaire et extrascolaire ; soutien scolaire ; la formation professionnelle dans les domaines figurant au présent objet social ; toute autre activité concourant à son objet social ;",Saint-Denis,64 RUE DU GENERAL DE GAULLE,97400.0,https://www.yogaperiscolaire974.org
